5.46722412109375,LAHV
5.4096221923828125,LAHV
5.3859710693359375,LAHV
5.3852081298828125,LAHV
5.3279876708984375,LAHV
5.3089141845703125,LAHV
5.3050994873046875,LAHV
5.27801513671875,LAHV
5.355072021484375,LAHV
5.3951263427734375,LAHV
5.71441650390625,LAHV
5.9024810791015625,LAHV
5.8490753173828125,LAHV
5.7281494140625,LAHV
5.5908203125,LAHV
5.548858642578125,LAHV
5.542755126953125,LAHV
5.4443359375,LAHV
5.3752899169921875,LAHV
5.3623199462890625,LAHV
5.3409576416015625,LAHV
5.34210205078125,LAHV
5.3253173828125,LAHV
5.2234649658203125,LAHV
5.1982879638671875,LAHV
5.18951416015625,LAHV
5.2005767822265625,LAHV
5.199432373046875,LAHV
5.193328857421875,LAHV
5.1959991455078125,LAHV
5.17425537109375,LAHV
5.1387786865234375,LAHV
5.13916015625,LAHV
5.1540374755859375,LAHV
5.1601409912109375,LAHV
5.1578521728515625,LAHV
5.1303863525390625,LAHV
5.1357269287109375,LAHV
5.120086669921875,LAHV
5.1044464111328125,LAHV
5.1044464111328125,LAHV
5.0754547119140625,LAHV
5.0708770751953125,LAHV
5.0548553466796875,LAHV
5.0266265869140625,LAHV
5.0502777099609375,LAHV
5.0136566162109375,LAHV
4.9861907958984375,LAHV
4.98046875,LAHV
4.973602294921875,LAHV
4.95758056640625,LAHV
4.9160003662109375,LAHV
4.8919677734375,LAHV
4.9015045166015625,LAHV
4.8709869384765625,LAHV
4.9015045166015625,LAHV
4.8553466796875,LAHV
4.816436767578125,LAHV
4.811859130859375,LAHV
4.8053741455078125,LAHV
4.767608642578125,LAHV
4.79278564453125,LAHV
4.7679901123046875,LAHV
4.7946929931640625,LAHV
4.7985076904296875,LAHV
4.7901153564453125,LAHV
4.807281494140625,LAHV
4.798126220703125,LAHV
4.7901153564453125,LAHV
4.8076629638671875,LAHV
4.7908782958984375,LAHV
4.7618865966796875,LAHV
4.7512054443359375,LAHV
4.7336578369140625,LAHV
4.7504425048828125,LAHV
4.7328948974609375,LAHV
4.7336578369140625,LAHV
4.7321319580078125,LAHV
4.6916961669921875,LAHV
4.7008514404296875,LAHV
4.682159423828125,LAHV
4.6718597412109375,LAHV
4.6722412109375,LAHV
4.65240478515625,LAHV
4.6413421630859375,LAHV
4.6417236328125,LAHV
4.64019775390625,LAHV
4.611968994140625,LAHV
4.6024322509765625,LAHV
4.5856475830078125,LAHV
4.5703887939453125,LAHV
4.5619964599609375,LAHV
4.5475006103515625,LAHV
4.5368194580078125,LAHV
4.5345306396484375,LAHV
4.5314788818359375,LAHV
4.5154571533203125,LAHV
4.5185089111328125,LAHV
4.4994354248046875,LAHV
4.48760986328125,LAHV
4.4879913330078125,LAHV
4.4544219970703125,LAHV
4.4742584228515625,LAHV
4.4658660888671875,LAHV
4.4345855712890625,LAHV
4.43267822265625,LAHV
4.4338226318359375,LAHV
4.421234130859375,LAHV
4.3842315673828125,LAHV
4.36859130859375,LAHV
4.3926239013671875,LAHV
4.3598175048828125,LAHV
4.354095458984375,LAHV
4.3491363525390625,LAHV
4.3636322021484375,LAHV
4.3182373046875,LAHV
4.3060302734375,LAHV
4.294586181640625,LAHV
4.3064117431640625,LAHV
4.2865753173828125,LAHV
4.2755126953125,LAHV
4.2591094970703125,LAHV
4.26177978515625,LAHV
4.2446136474609375,LAHV
4.232025146484375,LAHV
4.2377471923828125,LAHV
4.2118072509765625,LAHV
4.2140960693359375,LAHV
4.2003631591796875,LAHV
4.1942596435546875,LAHV
4.17633056640625,LAHV
4.1858673095703125,LAHV
4.1507720947265625,LAHV
4.1332244873046875,LAHV
4.1454315185546875,LAHV
4.1141510009765625,LAHV
4.1263580322265625,LAHV
4.11376953125,LAHV
4.1042327880859375,LAHV
4.0771484375,LAHV
4.0721893310546875,LAHV
4.0515899658203125,LAHV
4.0493011474609375,LAHV
4.0374755859375,LAHV
4.0294647216796875,LAHV
4.02679443359375,LAHV
4.0180206298828125,LAHV
3.998565673828125,LAHV
3.9882659912109375,LAHV
4.003143310546875,LAHV
3.97186279296875,LAHV
3.958892822265625,LAHV
3.9798736572265625,LAHV
3.9608001708984375,LAHV
3.9546966552734375,LAHV
3.94287109375,LAHV
3.9402008056640625,LAHV
3.9447784423828125,LAHV
3.9226531982421875,LAHV
3.9215087890625,LAHV
3.9031982421875,LAHV
3.9241790771484375,LAHV
3.8959503173828125,LAHV
3.8845062255859375,LAHV
3.8722991943359375,LAHV
3.871917724609375,LAHV
3.8509368896484375,LAHV
3.84674072265625,LAHV
3.8455963134765625,LAHV
3.8509368896484375,LAHV
3.82537841796875,LAHV
3.813934326171875,LAHV
3.8135528564453125,LAHV
3.8127899169921875,LAHV
3.8013458251953125,LAHV
3.79180908203125,LAHV
3.7891387939453125,LAHV
3.7807464599609375,LAHV
3.7837982177734375,LAHV
3.772735595703125,LAHV
3.813934326171875,LAHV
3.774261474609375,LAHV
3.7570953369140625,LAHV
3.745269775390625,LAHV
3.74603271484375,LAHV
3.76434326171875,LAHV
3.75213623046875,LAHV
3.730010986328125,LAHV
3.7387847900390625,LAHV
3.7189483642578125,LAHV
3.7364959716796875,LAHV
3.717803955078125,LAHV
3.6914825439453125,LAHV
3.6952972412109375,LAHV
3.69415283203125,LAHV
3.6724090576171875,LAHV
3.6861419677734375,LAHV
3.6540985107421875,LAHV
3.6655426025390625,LAHV
3.6769866943359375,LAHV
3.6449432373046875,LAHV
3.62701416015625,LAHV
3.6273956298828125,LAHV
3.6411285400390625,LAHV
3.6052703857421875,LAHV
3.6098480224609375,LAHV
3.5884857177734375,LAHV
3.615570068359375,LAHV
3.5755157470703125,LAHV
3.5572052001953125,LAHV
3.5678863525390625,LAHV
3.54766845703125,LAHV
3.545379638671875,LAHV
3.55682373046875,LAHV
3.5503387451171875,LAHV
3.5488128662109375,LAHV
3.521728515625,LAHV
3.5373687744140625,LAHV
3.4976959228515625,LAHV
3.5064697265625,LAHV
3.4854888916015625,LAHV
3.47442626953125,LAHV
3.4725189208984375,LAHV
3.4793853759765625,LAHV
3.4564971923828125,LAHV
3.4564971923828125,LAHV
3.43017578125,LAHV
3.48052978515625,LAHV
3.41644287109375,LAHV
3.4236907958984375,LAHV
3.41339111328125,LAHV
3.4076690673828125,LAHV
3.39202880859375,LAHV
3.4145355224609375,LAHV
3.3863067626953125,LAHV
3.3763885498046875,LAHV
3.36456298828125,LAHV
3.35693359375,LAHV
3.3725738525390625,LAHV
3.340911865234375,LAHV
3.3504486083984375,LAHV
3.3420562744140625,LAHV
3.3294677734375,LAHV
3.31268310546875,LAHV
3.30657958984375,LAHV
3.307342529296875,LAHV
3.3161163330078125,LAHV
3.2917022705078125,LAHV
3.2840728759765625,LAHV
3.293609619140625,LAHV
3.4053802490234375,LAHV
3.48663330078125,LAHV
3.48663330078125,LAHV
3.4454345703125,LAHV
3.37066650390625,LAHV
3.33099365234375,LAHV
3.3306121826171875,LAHV
3.318023681640625,LAHV
3.3939361572265625,LAHV
3.3496856689453125,LAHV
3.351593017578125,LAHV
3.3672332763671875,LAHV
3.3618927001953125,LAHV
3.3367156982421875,LAHV
3.3203125,LAHV
3.3451080322265625,LAHV
3.2958984375,LAHV
3.2863616943359375,LAHV
3.2928466796875,LAHV
3.2794952392578125,LAHV
3.2726287841796875,LAHV
3.25469970703125,LAHV
3.2634735107421875,LAHV
3.2512664794921875,LAHV
3.2318115234375,LAHV
3.2169342041015625,LAHV
3.2444000244140625,LAHV
3.20281982421875,LAHV
3.2169342041015625,LAHV
3.188323974609375,LAHV
3.200531005859375,LAHV
3.177642822265625,LAHV
3.1688690185546875,LAHV
3.1925201416015625,LAHV
3.159332275390625,LAHV
3.153228759765625,LAHV
3.143310546875,LAHV
3.16619873046875,LAHV
3.1391143798828125,LAHV
3.1581878662109375,LAHV
3.124237060546875,LAHV
3.1230926513671875,LAHV
3.0971527099609375,LAHV
3.1291961669921875,LAHV
3.090667724609375,LAHV
3.081512451171875,LAHV
3.069305419921875,LAHV
3.0803680419921875,LAHV
3.0849456787109375,LAHV
3.0551910400390625,LAHV
3.0731201171875,LAHV
3.043365478515625,LAHV
3.0345916748046875,LAHV
3.0269622802734375,LAHV
3.044891357421875,LAHV
3.018951416015625,LAHV
3.0208587646484375,LAHV
3.047943115234375,LAHV
3.00445556640625,LAHV
3.0544281005859375,LAHV
3.006744384765625,LAHV
2.9850006103515625,LAHV
2.97393798828125,LAHV
2.971649169921875,LAHV
2.9651641845703125,LAHV
2.967071533203125,LAHV
2.95562744140625,LAHV
2.953338623046875,LAHV
2.9407501220703125,LAHV
2.9506683349609375,LAHV
2.9205322265625,LAHV
2.9369354248046875,LAHV
2.9392242431640625,LAHV
2.901458740234375,LAHV
2.899932861328125,LAHV
2.9010772705078125,LAHV
2.8842926025390625,LAHV
2.8972625732421875,LAHV
2.8789520263671875,LAHV
2.880859375,LAHV
2.8949737548828125,LAHV
2.8652191162109375,LAHV
2.9102325439453125,LAHV
2.8476715087890625,LAHV
2.854156494140625,LAHV
2.8583526611328125,LAHV
2.837371826171875,LAHV
2.83050537109375,LAHV
2.822113037109375,LAHV
2.846527099609375,LAHV
2.809906005859375,LAHV
2.8011322021484375,LAHV
2.8034210205078125,LAHV
2.808380126953125,LAHV
2.7965545654296875,LAHV
2.7797698974609375,LAHV
2.794647216796875,LAHV
2.8026580810546875,LAHV
2.783966064453125,LAHV
2.7721405029296875,LAHV
2.7652740478515625,LAHV
2.7587890625,LAHV
2.7515411376953125,LAHV
2.7431488037109375,LAHV
2.7339935302734375,LAHV
2.7378082275390625,LAHV
2.72369384765625,LAHV
2.727508544921875,LAHV
2.7149200439453125,LAHV
2.7099609375,LAHV
2.71453857421875,LAHV
2.7339935302734375,LAHV
2.6950836181640625,LAHV
2.7008056640625,LAHV
2.6912689208984375,LAHV
2.685546875,LAHV
2.6763916015625,LAHV
2.6721954345703125,LAHV
2.669525146484375,LAHV
2.69927978515625,LAHV
2.65960693359375,LAHV
2.6546478271484375,LAHV
2.6851654052734375,LAHV
2.6500701904296875,LAHV
2.657318115234375,LAHV
2.6371002197265625,LAHV
2.6485443115234375,LAHV
2.6454925537109375,LAHV
2.6332855224609375,LAHV
2.6172637939453125,LAHV
2.629852294921875,LAHV
2.616119384765625,LAHV
2.614593505859375,LAHV
2.62603759765625,LAHV
2.5997161865234375,LAHV
2.61077880859375,LAHV
2.596282958984375,LAHV
2.5867462158203125,LAHV
2.582550048828125,LAHV
2.5981903076171875,LAHV
2.596282958984375,LAHV
2.59857177734375,LAHV
2.5959014892578125,LAHV
2.5875091552734375,LAHV
2.55279541015625,LAHV
2.5516510009765625,LAHV
2.5592803955078125,LAHV
2.5577545166015625,LAHV
2.53448486328125,LAHV
2.5768280029296875,LAHV
2.5299072265625,LAHV
2.5295257568359375,LAHV
2.5363922119140625,LAHV
2.518463134765625,LAHV
2.521514892578125,LAHV
2.5119781494140625,LAHV
2.5005340576171875,LAHV
2.506256103515625,LAHV
2.5035858154296875,LAHV
2.509307861328125,LAHV
2.5119781494140625,LAHV
2.4959564208984375,LAHV
2.4959564208984375,LAHV
2.4761199951171875,LAHV
2.4715423583984375,LAHV
2.489471435546875,LAHV
2.469635009765625,LAHV
2.4600982666015625,LAHV
2.4860382080078125,LAHV
2.4570465087890625,LAHV
2.4578094482421875,LAHV
2.454376220703125,LAHV
2.4433135986328125,LAHV
2.4517059326171875,LAHV
2.4326324462890625,LAHV
2.4417877197265625,LAHV
2.459716796875,LAHV
2.4196624755859375,LAHV
2.4295806884765625,LAHV
2.419281005859375,LAHV
2.4494171142578125,LAHV
2.4044036865234375,LAHV
2.416229248046875,LAHV
2.4013519287109375,LAHV
2.4082183837890625,LAHV
2.4234771728515625,LAHV
2.39715576171875,LAHV
2.3944854736328125,LAHV
2.40936279296875,LAHV
2.3967742919921875,LAHV
2.37579345703125,LAHV
2.3815155029296875,LAHV
2.37884521484375,LAHV
2.3693084716796875,LAHV
2.384185791015625,LAHV
2.3571014404296875,LAHV
2.3654937744140625,LAHV
2.376556396484375,LAHV
2.3555755615234375,LAHV
2.3731231689453125,LAHV
2.34527587890625,LAHV
2.3731231689453125,LAHV
2.33306884765625,LAHV
2.3273468017578125,LAHV
2.35137939453125,LAHV
2.326202392578125,LAHV
2.3509979248046875,LAHV
2.3319244384765625,LAHV
2.3227691650390625,LAHV
2.3471832275390625,LAHV
2.3101806640625,LAHV
2.353668212890625,LAHV
2.33306884765625,LAHV
2.306365966796875,LAHV
2.3097991943359375,LAHV
2.3067474365234375,LAHV
2.2869110107421875,LAHV
2.317047119140625,LAHV
2.2853851318359375,LAHV
2.2830963134765625,LAHV
2.2876739501953125,LAHV
2.288055419921875,LAHV
2.30712890625,LAHV
2.2792816162109375,LAHV
2.2640228271484375,LAHV
2.26898193359375,LAHV
2.264404296875,LAHV
2.2937774658203125,LAHV
2.2647857666015625,LAHV
2.251434326171875,LAHV
2.2525787353515625,LAHV
2.297210693359375,LAHV
2.245330810546875,LAHV
2.2388458251953125,LAHV
2.24151611328125,LAHV
2.23846435546875,LAHV
2.237701416015625,LAHV
2.2533416748046875,LAHV
2.2434234619140625,LAHV
2.233123779296875,LAHV
2.216339111328125,LAHV
2.2190093994140625,LAHV
2.246856689453125,LAHV
2.2731781005859375,LAHV
2.204132080078125,LAHV
2.23236083984375,LAHV
2.2022247314453125,LAHV
2.2083282470703125,LAHV
2.1945953369140625,LAHV
2.1900177001953125,LAHV
2.1976470947265625,LAHV
2.1991729736328125,LAHV
2.193450927734375,LAHV
2.1892547607421875,LAHV
2.21099853515625,LAHV
2.1907806396484375,LAHV
2.1816253662109375,LAHV
2.1800994873046875,LAHV
2.1747589111328125,LAHV
2.1793365478515625,LAHV
2.1648406982421875,LAHV
2.1785736083984375,LAHV
2.191162109375,LAHV
2.1579742431640625,LAHV
2.152252197265625,LAHV
2.1602630615234375,LAHV
2.1488189697265625,LAHV
2.18048095703125,LAHV
2.1427154541015625,LAHV
2.1434783935546875,LAHV
2.175140380859375,LAHV
2.178955078125,LAHV
2.1697998046875,LAHV
2.1453857421875,LAHV
2.159881591796875,LAHV
2.13470458984375,LAHV
2.1274566650390625,LAHV
2.13165283203125,LAHV
2.117919921875,LAHV
2.13623046875,LAHV
2.1121978759765625,LAHV
2.127838134765625,LAHV
2.1091461181640625,LAHV
2.109527587890625,LAHV
2.1091461181640625,LAHV
2.1083831787109375,LAHV
2.0969390869140625,LAHV
2.0961761474609375,LAHV
2.0969390869140625,LAHV
2.093505859375,LAHV
2.0984649658203125,LAHV
2.1335601806640625,LAHV
2.1076202392578125,LAHV
2.0923614501953125,LAHV
2.0862579345703125,LAHV
2.07672119140625,LAHV
2.069091796875,LAHV
2.0732879638671875,LAHV
2.0870208740234375,LAHV
2.0626068115234375,LAHV
2.0587921142578125,LAHV
2.066802978515625,LAHV
2.0778656005859375,LAHV
2.0549774169921875,LAHV
2.0565032958984375,LAHV
2.0595550537109375,LAHV
2.0542144775390625,LAHV
2.0442962646484375,LAHV
2.0404815673828125,LAHV
2.0496368408203125,LAHV
2.032470703125,LAHV
2.0603179931640625,LAHV
2.0565032958984375,LAHV
2.036285400390625,LAHV
2.0481109619140625,LAHV
2.043914794921875,LAHV
2.0343780517578125,LAHV
2.033233642578125,LAHV
2.022552490234375,LAHV
2.0450592041015625,LAHV
2.01568603515625,LAHV
2.0046234130859375,LAHV
2.0290374755859375,LAHV
2.0145416259765625,LAHV
2.01568603515625,LAHV
2.01568603515625,LAHV
2.016448974609375,LAHV
2.0030975341796875,LAHV
2.011871337890625,LAHV
1.983642578125,LAHV
2.0236968994140625,LAHV
1.9886016845703125,LAHV
1.98516845703125,LAHV
1.9779205322265625,LAHV
1.975250244140625,LAHV
1.97601318359375,LAHV
1.9718170166015625,LAHV
1.9771575927734375,LAHV
1.964569091796875,LAHV
1.988983154296875,LAHV
1.970672607421875,LAHV
1.958465576171875,LAHV
1.95465087890625,LAHV
1.969146728515625,LAHV
1.9596099853515625,LAHV
1.94549560546875,LAHV
1.9435882568359375,LAHV
1.958465576171875,LAHV
2.0244598388671875,LAHV
1.946258544921875,LAHV
1.9344329833984375,LAHV
1.9439697265625,LAHV
1.9317626953125,LAHV
1.9275665283203125,LAHV
1.9542694091796875,LAHV
1.9195556640625,LAHV
1.95465087890625,LAHV
1.9168853759765625,LAHV
1.9252777099609375,LAHV
1.92413330078125,LAHV
1.922607421875,LAHV
1.9077301025390625,LAHV
1.9321441650390625,LAHV
1.90582275390625,LAHV
1.9115447998046875,LAHV
1.911163330078125,LAHV
1.9069671630859375,LAHV
1.906585693359375,LAHV
1.900482177734375,LAHV
1.8917083740234375,LAHV
1.9229888916015625,LAHV
1.8939971923828125,LAHV
1.9069671630859375,LAHV
1.911163330078125,LAHV
1.915740966796875,LAHV
1.8798828125,LAHV
1.8894195556640625,LAHV
1.8779754638671875,LAHV
1.9252777099609375,LAHV
1.8733978271484375,LAHV
1.9016265869140625,LAHV
1.8802642822265625,LAHV
1.8768310546875,LAHV
1.9130706787109375,LAHV
1.8695831298828125,LAHV
1.8581390380859375,LAHV
1.857757568359375,LAHV
1.853179931640625,LAHV
1.8711090087890625,LAHV
1.8619537353515625,LAHV
1.879119873046875,LAHV
1.87835693359375,LAHV
1.8459320068359375,LAHV
1.8451690673828125,LAHV
1.8833160400390625,LAHV
1.8367767333984375,LAHV
1.8398284912109375,LAHV
1.8329620361328125,LAHV
1.8398284912109375,LAHV
1.8283843994140625,LAHV
1.8268585205078125,LAHV
1.8871307373046875,LAHV
1.8344879150390625,LAHV
1.8497467041015625,LAHV
1.8260955810546875,LAHV
1.8280029296875,LAHV
1.82037353515625,LAHV
1.8161773681640625,LAHV
1.82037353515625,LAHV
1.8085479736328125,LAHV
1.86004638671875,LAHV
1.816558837890625,LAHV
1.8161773681640625,LAHV
1.8283843994140625,LAHV
1.839447021484375,LAHV
1.84326171875,LAHV
1.8096923828125,LAHV
1.802825927734375,LAHV
1.80511474609375,LAHV
1.8077850341796875,LAHV
1.8268585205078125,LAHV
1.849365234375,LAHV
1.78985595703125,LAHV
1.7925262451171875,LAHV
1.8131256103515625,LAHV
1.7810821533203125,LAHV
1.77764892578125,LAHV
1.78985595703125,LAHV
1.804351806640625,LAHV
1.7780303955078125,LAHV
1.7803192138671875,LAHV
1.767730712890625,LAHV
1.7963409423828125,LAHV
1.7822265625,LAHV
1.776885986328125,LAHV
1.763153076171875,LAHV
1.7810821533203125,LAHV
1.769256591796875,LAHV
1.7810821533203125,LAHV
1.7574310302734375,LAHV
1.776885986328125,LAHV
1.763153076171875,LAHV
1.7940521240234375,LAHV
1.7925262451171875,LAHV
1.74713134765625,LAHV
1.7467498779296875,LAHV
1.7513275146484375,LAHV
1.7482757568359375,LAHV
1.74102783203125,LAHV
1.73797607421875,LAHV
1.740264892578125,LAHV
1.7368316650390625,LAHV
1.7353057861328125,LAHV
1.749420166015625,LAHV
1.7429351806640625,LAHV
1.7978668212890625,LAHV
1.737213134765625,LAHV
1.729583740234375,LAHV
1.7696380615234375,LAHV
1.7486572265625,LAHV
1.7482757568359375,LAHV
1.7604827880859375,LAHV
1.7292022705078125,LAHV
1.7520904541015625,LAHV
1.7841339111328125,LAHV
1.72119140625,LAHV
1.726531982421875,LAHV
1.7330169677734375,LAHV
1.72576904296875,LAHV
1.72576904296875,LAHV
1.7658233642578125,LAHV
1.758575439453125,LAHV
1.7120361328125,LAHV
1.717376708984375,LAHV
1.732635498046875,LAHV
1.7040252685546875,LAHV
1.7101287841796875,LAHV
1.708221435546875,LAHV
1.7276763916015625,LAHV
1.751708984375,LAHV
1.697540283203125,LAHV
1.71661376953125,LAHV
1.69830322265625,LAHV
1.6895294189453125,LAHV
1.7192840576171875,LAHV
1.6956329345703125,LAHV
1.6933441162109375,LAHV
1.6963958740234375,LAHV
1.6948699951171875,LAHV
1.683807373046875,LAHV
1.68304443359375,LAHV
1.708221435546875,LAHV
1.68609619140625,LAHV
1.6788482666015625,LAHV
1.6880035400390625,LAHV
1.6872406005859375,LAHV
1.69525146484375,LAHV
1.67999267578125,LAHV
1.6719818115234375,LAHV
1.678466796875,LAHV
1.668548583984375,LAHV
1.6681671142578125,LAHV
1.6689300537109375,LAHV
1.6757965087890625,LAHV
1.673126220703125,LAHV
1.6620635986328125,LAHV
1.670074462890625,LAHV
1.688385009765625,LAHV
1.6582489013671875,LAHV
1.6887664794921875,LAHV
1.688385009765625,LAHV
1.66168212890625,LAHV
1.6582489013671875,LAHV
1.6712188720703125,LAHV
1.6506195068359375,LAHV
1.66168212890625,LAHV
1.7238616943359375,LAHV
1.64642333984375,LAHV
1.6475677490234375,LAHV
1.6567230224609375,LAHV
1.6643524169921875,LAHV
1.656341552734375,LAHV
1.67083740234375,LAHV
1.6620635986328125,LAHV
1.6475677490234375,LAHV
1.702117919921875,LAHV
1.6361236572265625,LAHV
1.641082763671875,LAHV
1.6338348388671875,LAHV
1.6422271728515625,LAHV
1.647186279296875,LAHV
1.633453369140625,LAHV
1.654052734375,LAHV
1.638031005859375,LAHV
1.63726806640625,LAHV
1.6368865966796875,LAHV
1.62353515625,LAHV
1.6216278076171875,LAHV
1.6513824462890625,LAHV
1.630401611328125,LAHV
1.6201019287109375,LAHV
1.61895751953125,LAHV
1.6490936279296875,LAHV
1.61285400390625,LAHV
1.6399383544921875,LAHV
1.62353515625,LAHV
1.625823974609375,LAHV
1.6139984130859375,LAHV
1.6185760498046875,LAHV
1.6315460205078125,LAHV
1.604461669921875,LAHV
1.6040802001953125,LAHV
1.6674041748046875,LAHV
1.633453369140625,LAHV
1.6338348388671875,LAHV
1.6086578369140625,LAHV
1.605987548828125,LAHV
1.63116455078125,LAHV
1.605987548828125,LAHV
1.59912109375,LAHV
1.6300201416015625,LAHV
1.5949249267578125,LAHV
1.6033172607421875,LAHV
1.636505126953125,LAHV
1.60064697265625,LAHV
1.5949249267578125,LAHV
1.59759521484375,LAHV
1.59759521484375,LAHV
1.584625244140625,LAHV
1.5850067138671875,LAHV
1.6139984130859375,LAHV
1.5979766845703125,LAHV
1.584625244140625,LAHV
1.5804290771484375,LAHV
1.605224609375,LAHV
1.5933990478515625,LAHV
1.580810546875,LAHV
1.5857696533203125,LAHV
1.5735626220703125,LAHV
1.58233642578125,LAHV
1.5720367431640625,LAHV
1.5811920166015625,LAHV
1.5758514404296875,LAHV
1.568603515625,LAHV
1.5743255615234375,LAHV
1.6292572021484375,LAHV
1.63726806640625,LAHV
1.5621185302734375,LAHV
1.5628814697265625,LAHV
1.5834808349609375,LAHV
1.589202880859375,LAHV
1.638031005859375,LAHV
1.5789031982421875,LAHV
1.5659332275390625,LAHV
1.5766143798828125,LAHV
1.55792236328125,LAHV
1.5533447265625,LAHV
1.5621185302734375,LAHV
1.5533447265625,LAHV
1.54876708984375,LAHV
1.55181884765625,LAHV
1.556396484375,LAHV
1.5533447265625,LAHV
1.544189453125,LAHV
1.5834808349609375,LAHV
1.5514373779296875,LAHV
1.5506744384765625,LAHV
1.5491485595703125,LAHV
1.5399932861328125,LAHV
1.575469970703125,LAHV
1.5354156494140625,LAHV
1.53350830078125,LAHV
1.5621185302734375,LAHV
1.5346527099609375,LAHV
1.5338897705078125,LAHV
1.5369415283203125,LAHV
1.5869140625,LAHV
1.53961181640625,LAHV
1.5689849853515625,LAHV
1.5369415283203125,LAHV
1.540374755859375,LAHV
1.5583038330078125,LAHV
1.5232086181640625,LAHV
1.5331268310546875,LAHV
1.5407562255859375,LAHV
1.519012451171875,LAHV
1.519775390625,LAHV
1.5544891357421875,LAHV
1.5232086181640625,LAHV
1.5308380126953125,LAHV
1.5350341796875,LAHV
1.53656005859375,LAHV
1.519012451171875,LAHV
1.5369415283203125,LAHV
1.5132904052734375,LAHV
1.5186309814453125,LAHV
1.5369415283203125,LAHV
1.5117645263671875,LAHV
1.525115966796875,LAHV
1.5880584716796875,LAHV
1.5392303466796875,LAHV
1.5155792236328125,LAHV
1.5399932861328125,LAHV
1.5285491943359375,LAHV
1.5048980712890625,LAHV
1.5167236328125,LAHV
1.51214599609375,LAHV
1.522064208984375,LAHV
1.5110015869140625,LAHV
1.50909423828125,LAHV
1.508331298828125,LAHV
1.507568359375,LAHV
1.502227783203125,LAHV
1.5045166015625,LAHV
1.49383544921875,LAHV
1.503753662109375,LAHV
1.5010833740234375,LAHV
1.4911651611328125,LAHV
1.50146484375,LAHV
1.4980316162109375,LAHV
1.4873504638671875,LAHV
1.4926910400390625,LAHV
1.485443115234375,LAHV
1.511383056640625,LAHV
1.4858245849609375,LAHV
1.4942169189453125,LAHV
1.548004150390625,LAHV
1.4804840087890625,LAHV
1.48162841796875,LAHV
1.49078369140625,LAHV
1.5163421630859375,LAHV
1.483917236328125,LAHV
1.486968994140625,LAHV
1.5117645263671875,LAHV
1.4766693115234375,LAHV
1.4873504638671875,LAHV
1.4827728271484375,LAHV
1.4858245849609375,LAHV
1.4896392822265625,LAHV
1.474761962890625,LAHV
1.4972686767578125,LAHV
1.4858245849609375,LAHV
1.5010833740234375,LAHV
1.4766693115234375,LAHV
1.4713287353515625,LAHV
1.4820098876953125,LAHV
1.474761962890625,LAHV
1.494598388671875,LAHV
1.496124267578125,LAHV
1.4598846435546875,LAHV
1.4820098876953125,LAHV
1.4713287353515625,LAHV
1.5289306640625,LAHV
1.4675140380859375,LAHV
1.4675140380859375,LAHV
1.4736175537109375,LAHV
1.456451416015625,LAHV
1.4575958251953125,LAHV
1.4781951904296875,LAHV
1.4614105224609375,LAHV
1.5167236328125,LAHV
1.4591217041015625,LAHV
1.4530181884765625,LAHV
1.45416259765625,LAHV
1.451873779296875,LAHV
1.456451416015625,LAHV
1.482391357421875,LAHV
1.45721435546875,LAHV
1.482391357421875,LAHV
1.488494873046875,LAHV
1.451873779296875,LAHV
1.4560699462890625,LAHV
1.4892578125,LAHV
1.4537811279296875,LAHV
1.4636993408203125,LAHV
1.4415740966796875,LAHV
1.462554931640625,LAHV
1.4415740966796875,LAHV
1.4591217041015625,LAHV
1.4377593994140625,LAHV
1.445770263671875,LAHV
1.4369964599609375,LAHV
1.4591217041015625,LAHV
1.4423370361328125,LAHV
1.44195556640625,LAHV
1.4507293701171875,LAHV
1.4392852783203125,LAHV
1.434326171875,LAHV
1.4499664306640625,LAHV
1.4312744140625,LAHV
1.438140869140625,LAHV
1.4312744140625,LAHV
1.4438629150390625,LAHV
1.4278411865234375,LAHV
1.4316558837890625,LAHV
1.4354705810546875,LAHV
1.4484405517578125,LAHV
1.435089111328125,LAHV
1.4774322509765625,LAHV
1.4324188232421875,LAHV
1.4263153076171875,LAHV
1.4404296875,LAHV
1.4225006103515625,LAHV
1.447296142578125,LAHV
1.4987945556640625,LAHV
1.430511474609375,LAHV
1.427459716796875,LAHV
1.41754150390625,LAHV
1.4194488525390625,LAHV
1.4995574951171875,LAHV
1.41754150390625,LAHV
1.41448974609375,LAHV
1.48468017578125,LAHV
1.4125823974609375,LAHV
1.4102935791015625,LAHV
1.4369964599609375,LAHV
1.418304443359375,LAHV
1.409149169921875,LAHV
1.4194488525390625,LAHV
1.4194488525390625,LAHV
1.4057159423828125,LAHV
1.4179229736328125,LAHV
1.4362335205078125,LAHV
1.4129638671875,LAHV
1.4034271240234375,LAHV
1.44500732421875,LAHV
1.4095306396484375,LAHV
1.403045654296875,LAHV
1.4095306396484375,LAHV
1.4129638671875,LAHV
1.45111083984375,LAHV
1.401519775390625,LAHV
1.4179229736328125,LAHV
1.4049530029296875,LAHV
1.395416259765625,LAHV
1.4003753662109375,LAHV
1.4301300048828125,LAHV
1.406097412109375,LAHV
1.415252685546875,LAHV
1.4007568359375,LAHV
1.396942138671875,LAHV
1.3912200927734375,LAHV
1.42822265625,LAHV
1.387786865234375,LAHV
1.3896942138671875,LAHV
1.3942718505859375,LAHV
1.3858795166015625,LAHV
1.3851165771484375,LAHV
1.3916015625,LAHV
1.3824462890625,LAHV
1.39312744140625,LAHV
1.3942718505859375,LAHV
1.3996124267578125,LAHV
1.41754150390625,LAHV
1.390838623046875,LAHV
1.3813018798828125,LAHV
1.378631591796875,LAHV
1.4133453369140625,LAHV
1.4095306396484375,LAHV
1.4095306396484375,LAHV
1.377105712890625,LAHV
1.40533447265625,LAHV
1.373291015625,LAHV
1.37176513671875,LAHV
1.401519775390625,LAHV
1.374053955078125,LAHV
1.3774871826171875,LAHV
1.3835906982421875,LAHV
1.3675689697265625,LAHV
1.3774871826171875,LAHV
1.3668060302734375,LAHV
1.375579833984375,LAHV
1.3637542724609375,LAHV
1.37481689453125,LAHV
1.3671875,LAHV
1.3637542724609375,LAHV
1.36871337890625,LAHV
1.37176513671875,LAHV
1.3584136962890625,LAHV
1.358795166015625,LAHV
1.3568878173828125,LAHV
1.3668060302734375,LAHV
1.373291015625,LAHV
1.393890380859375,LAHV
1.354217529296875,LAHV
1.371002197265625,LAHV
1.398468017578125,LAHV
1.35345458984375,LAHV
1.3599395751953125,LAHV
1.3553619384765625,LAHV
1.3477325439453125,LAHV
1.407623291015625,LAHV
1.37481689453125,LAHV
1.364898681640625,LAHV
1.3469696044921875,LAHV
1.343536376953125,LAHV
1.3439178466796875,LAHV
1.3797760009765625,LAHV
1.3408660888671875,LAHV
1.340484619140625,LAHV
1.3397216796875,LAHV
1.3484954833984375,LAHV
1.34735107421875,LAHV
1.355743408203125,LAHV
1.352691650390625,LAHV
1.367950439453125,LAHV
1.34429931640625,LAHV
1.3591766357421875,LAHV
1.3339996337890625,LAHV
1.3336181640625,LAHV
1.334381103515625,LAHV
1.336669921875,LAHV
1.3294219970703125,LAHV
1.328277587890625,LAHV
1.3301849365234375,LAHV
1.3515472412109375,LAHV
1.3580322265625,LAHV
1.33514404296875,LAHV
1.3324737548828125,LAHV
1.35345458984375,LAHV
1.3317108154296875,LAHV
1.373291015625,LAHV
1.337432861328125,LAHV
1.31683349609375,LAHV
1.320648193359375,LAHV
1.3153076171875,LAHV
1.317596435546875,LAHV
1.3202667236328125,LAHV
1.3118743896484375,LAHV
1.3225555419921875,LAHV
1.311492919921875,LAHV
1.3240814208984375,LAHV
1.3172149658203125,LAHV
1.317596435546875,LAHV
1.3393402099609375,LAHV
1.30767822265625,LAHV
1.3294219970703125,LAHV
1.3034820556640625,LAHV
1.308441162109375,LAHV
1.332855224609375,LAHV
1.3080596923828125,LAHV
1.3397216796875,LAHV
1.35040283203125,LAHV
1.30157470703125,LAHV
1.3332366943359375,LAHV
1.3004302978515625,LAHV
1.3156890869140625,LAHV
1.3072967529296875,LAHV
1.297760009765625,LAHV
1.300048828125,LAHV
1.3286590576171875,LAHV
1.2996673583984375,LAHV
1.324462890625,LAHV
1.3027191162109375,LAHV
1.322174072265625,LAHV
1.2905120849609375,LAHV
1.2969970703125,LAHV
1.2889862060546875,LAHV
1.2920379638671875,LAHV
1.2889862060546875,LAHV
1.2996673583984375,LAHV
1.2989044189453125,LAHV
1.3153076171875,LAHV
1.31988525390625,LAHV
1.3599395751953125,LAHV
1.285552978515625,LAHV
1.3149261474609375,LAHV
1.309967041015625,LAHV
1.280975341796875,LAHV
1.2905120849609375,LAHV
1.2920379638671875,LAHV
1.290130615234375,LAHV
1.2989044189453125,LAHV
1.3011932373046875,LAHV
1.28173828125,LAHV
1.29852294921875,LAHV
1.280975341796875,LAHV
1.2958526611328125,LAHV
1.3256072998046875,LAHV
1.35955810546875,LAHV
1.2813568115234375,LAHV
1.2722015380859375,LAHV
1.28326416015625,LAHV
1.2714385986328125,LAHV
1.2928009033203125,LAHV
1.2699127197265625,LAHV
1.2676239013671875,LAHV
1.2653350830078125,LAHV
1.277923583984375,LAHV
1.2664794921875,LAHV
1.2851715087890625,LAHV
1.264190673828125,LAHV
1.2813568115234375,LAHV
1.34429931640625,LAHV
1.2905120849609375,LAHV
1.28326416015625,LAHV
1.2599945068359375,LAHV
1.290130615234375,LAHV
1.262664794921875,LAHV
1.2577056884765625,LAHV
1.263427734375,LAHV
1.2664794921875,LAHV
1.263427734375,LAHV
1.25885009765625,LAHV
1.253509521484375,LAHV
1.2538909912109375,LAHV
1.24969482421875,LAHV
1.261138916015625,LAHV
1.2439727783203125,LAHV
1.2813568115234375,LAHV
1.2706756591796875,LAHV
1.2416839599609375,LAHV
1.2424468994140625,LAHV
1.24969482421875,LAHV
1.2420654296875,LAHV
1.238250732421875,LAHV
1.24359130859375,LAHV
1.23443603515625,LAHV
1.2420654296875,LAHV
1.2439727783203125,LAHV
1.23138427734375,LAHV
1.235198974609375,LAHV
1.2584686279296875,LAHV
1.2386322021484375,LAHV
1.2805938720703125,LAHV
1.235198974609375,LAHV
1.2302398681640625,LAHV
1.2424468994140625,LAHV
1.224517822265625,LAHV
1.232147216796875,LAHV
1.236724853515625,LAHV
1.2355804443359375,LAHV
1.2241363525390625,LAHV
1.2622833251953125,LAHV
1.2256622314453125,LAHV
1.2622833251953125,LAHV
1.242828369140625,LAHV
1.21917724609375,LAHV
1.2317657470703125,LAHV
1.282501220703125,LAHV
1.2302398681640625,LAHV
1.2500762939453125,LAHV
1.2416839599609375,LAHV
1.2554168701171875,LAHV
1.251220703125,LAHV
1.218414306640625,LAHV
1.2157440185546875,LAHV
1.220703125,LAHV
1.2115478515625,LAHV
1.22222900390625,LAHV
1.221466064453125,LAHV
1.2134552001953125,LAHV
1.2088775634765625,LAHV
1.2195587158203125,LAHV
1.2233734130859375,LAHV
1.2104034423828125,LAHV
1.2195587158203125,LAHV
1.258087158203125,LAHV
1.2119293212890625,LAHV
1.250457763671875,LAHV
1.2409210205078125,LAHV
1.2149810791015625,LAHV
1.2149810791015625,LAHV
1.2378692626953125,LAHV
1.2042999267578125,LAHV
1.204681396484375,LAHV
1.203155517578125,LAHV
1.2786865234375,LAHV
1.2111663818359375,LAHV
1.2119293212890625,LAHV
1.2073516845703125,LAHV
1.23443603515625,LAHV
1.1993408203125,LAHV
1.2218475341796875,LAHV
1.197052001953125,LAHV
1.2081146240234375,LAHV
1.2248992919921875,LAHV
1.1997222900390625,LAHV
1.2088775634765625,LAHV
1.2042999267578125,LAHV
1.20697021484375,LAHV
1.218414306640625,LAHV
1.1974334716796875,LAHV
1.23291015625,LAHV
1.2165069580078125,LAHV
1.21612548828125,LAHV
1.2348175048828125,LAHV
1.19781494140625,LAHV
1.19476318359375,LAHV
1.1993408203125,LAHV
1.20391845703125,LAHV
1.2027740478515625,LAHV
1.1932373046875,LAHV
1.2012481689453125,LAHV
1.2134552001953125,LAHV
1.226806640625,LAHV
1.2004852294921875,LAHV
1.1890411376953125,LAHV
1.1882781982421875,LAHV
1.1882781982421875,LAHV
1.1882781982421875,LAHV
1.203155517578125,LAHV
1.1875152587890625,LAHV
1.184844970703125,LAHV
1.1867523193359375,LAHV
1.2279510498046875,LAHV
1.184844970703125,LAHV
1.2241363525390625,LAHV
1.189422607421875,LAHV
1.1913299560546875,LAHV
1.203155517578125,LAHV
1.190948486328125,LAHV
1.180267333984375,LAHV
1.2115478515625,LAHV
1.19171142578125,LAHV
1.17950439453125,LAHV
1.2104034423828125,LAHV
1.1821746826171875,LAHV
1.1875152587890625,LAHV
1.184844970703125,LAHV
1.1783599853515625,LAHV
1.1806488037109375,LAHV
1.17340087890625,LAHV
1.1966705322265625,LAHV
1.1829376220703125,LAHV
1.1745452880859375,LAHV
1.1905670166015625,LAHV
1.1966705322265625,LAHV
1.19781494140625,LAHV
1.2180328369140625,LAHV
1.1890411376953125,LAHV
1.21002197265625,LAHV
1.1806488037109375,LAHV
1.1936187744140625,LAHV
1.1936187744140625,LAHV
1.1859893798828125,LAHV
1.2157440185546875,LAHV
1.2042999267578125,LAHV
1.1974334716796875,LAHV
1.1810302734375,LAHV
1.1783599853515625,LAHV
1.1814117431640625,LAHV
1.17950439453125,LAHV
1.1814117431640625,LAHV
1.18560791015625,LAHV
1.1859893798828125,LAHV
1.1859893798828125,LAHV
1.20849609375,LAHV
1.1749267578125,LAHV
1.18255615234375,LAHV
1.22222900390625,LAHV
1.204681396484375,LAHV
1.171875,LAHV
1.1859893798828125,LAHV
1.1730194091796875,LAHV
1.1821746826171875,LAHV
1.1974334716796875,LAHV
1.1791229248046875,LAHV
1.171875,LAHV
1.1791229248046875,LAHV
1.1981964111328125,LAHV
1.221466064453125,LAHV
1.1737823486328125,LAHV
1.20849609375,LAHV
1.2165069580078125,LAHV
1.1707305908203125,LAHV
1.1745452880859375,LAHV
1.1684417724609375,LAHV
1.1974334716796875,LAHV
1.1737823486328125,LAHV
1.160430908203125,LAHV
1.171112060546875,LAHV
1.2096405029296875,LAHV
1.1688232421875,LAHV
1.1775970458984375,LAHV
1.194000244140625,LAHV
1.1669158935546875,LAHV
1.168060302734375,LAHV
1.1577606201171875,LAHV
1.160430908203125,LAHV
1.1631011962890625,LAHV
1.2088775634765625,LAHV
1.15509033203125,LAHV
1.177978515625,LAHV
1.1554718017578125,LAHV
1.1524200439453125,LAHV
1.184844970703125,LAHV
1.1516571044921875,LAHV
1.1631011962890625,LAHV
1.18408203125,LAHV
1.1577606201171875,LAHV
1.153564453125,LAHV
1.1516571044921875,LAHV
1.15203857421875,LAHV
1.1936187744140625,LAHV
1.1615753173828125,LAHV
1.1745452880859375,LAHV
1.15966796875,LAHV
1.151275634765625,LAHV
1.1505126953125,LAHV
1.1501312255859375,LAHV
1.1493682861328125,LAHV
1.168060302734375,LAHV
1.149749755859375,LAHV
1.1749267578125,LAHV
1.1463165283203125,LAHV
1.1638641357421875,LAHV
1.183319091796875,LAHV
1.198577880859375,LAHV
1.2104034423828125,LAHV
1.1524200439453125,LAHV
1.1760711669921875,LAHV
1.149749755859375,LAHV
1.143646240234375,LAHV
1.1539459228515625,LAHV
1.14288330078125,LAHV
1.17034912109375,LAHV
1.1791229248046875,LAHV
1.163482666015625,LAHV
1.1394500732421875,LAHV
1.1455535888671875,LAHV
1.13983154296875,LAHV
1.1600494384765625,LAHV
1.14593505859375,LAHV
1.181793212890625,LAHV
1.1676788330078125,LAHV
1.1768341064453125,LAHV
1.1768341064453125,LAHV
1.1867523193359375,LAHV
1.1676788330078125,LAHV
1.175689697265625,LAHV
1.175689697265625,LAHV
1.1993408203125,LAHV
1.1638641357421875,LAHV
1.1646270751953125,LAHV
1.1829376220703125,LAHV
1.146697998046875,LAHV
1.149749755859375,LAHV
1.1554718017578125,LAHV
1.14593505859375,LAHV
1.1508941650390625,LAHV
1.1638641357421875,LAHV
1.1775970458984375,LAHV
1.1394500732421875,LAHV
1.158905029296875,LAHV
1.174163818359375,LAHV
1.189422607421875,LAHV
1.1505126953125,LAHV
1.1547088623046875,LAHV
1.148223876953125,LAHV
1.142120361328125,LAHV
1.134490966796875,LAHV
1.1699676513671875,LAHV
1.1806488037109375,LAHV
1.1486053466796875,LAHV
1.136016845703125,LAHV
1.14288330078125,LAHV
1.141357421875,LAHV
1.1302947998046875,LAHV
1.163482666015625,LAHV
1.134490966796875,LAHV
1.152801513671875,LAHV
1.131439208984375,LAHV
1.140594482421875,LAHV
1.1348724365234375,LAHV
1.1585235595703125,LAHV
1.146697998046875,LAHV
1.1402130126953125,LAHV
1.13983154296875,LAHV
1.1409759521484375,LAHV
1.1402130126953125,LAHV
1.1402130126953125,LAHV
1.140594482421875,LAHV
1.1417388916015625,LAHV
1.140594482421875,LAHV
1.131439208984375,LAHV
1.165771484375,LAHV
1.1478424072265625,LAHV
1.1280059814453125,LAHV
1.1363983154296875,LAHV
1.166534423828125,LAHV
1.1341094970703125,LAHV
1.1264801025390625,LAHV
1.1272430419921875,LAHV
1.1444091796875,LAHV
1.1478424072265625,LAHV
1.12762451171875,LAHV
1.129150390625,LAHV
1.123046875,LAHV
1.1524200439453125,LAHV
1.1569976806640625,LAHV
1.1566162109375,LAHV
1.1383056640625,LAHV
1.1394500732421875,LAHV
1.16119384765625,LAHV
1.1234283447265625,LAHV
1.1348724365234375,LAHV
1.134490966796875,LAHV
1.122283935546875,LAHV
1.128387451171875,LAHV
1.1432647705078125,LAHV
1.14593505859375,LAHV
1.1474609375,LAHV
1.129150390625,LAHV
1.1280059814453125,LAHV
1.1333465576171875,LAHV
1.1566162109375,LAHV
1.1318206787109375,LAHV
1.12762451171875,LAHV
1.1871337890625,LAHV
1.2004852294921875,LAHV
1.1249542236328125,LAHV
1.123809814453125,LAHV
1.13983154296875,LAHV
1.1322021484375,LAHV
1.172637939453125,LAHV
1.1219024658203125,LAHV
1.1333465576171875,LAHV
1.1310577392578125,LAHV
1.1226654052734375,LAHV
1.15814208984375,LAHV
1.1371612548828125,LAHV
1.15814208984375,LAHV
1.1325836181640625,LAHV
1.1440277099609375,LAHV
1.1173248291015625,LAHV
1.1196136474609375,LAHV
1.120758056640625,LAHV
1.1272430419921875,LAHV
1.1234283447265625,LAHV
1.120758056640625,LAHV
1.1219024658203125,LAHV
1.116943359375,LAHV
1.1234283447265625,LAHV
1.128387451171875,LAHV
1.1180877685546875,LAHV
1.1219024658203125,LAHV
1.1302947998046875,LAHV
1.1486053466796875,LAHV
1.1249542236328125,LAHV
1.1119842529296875,LAHV
1.129150390625,LAHV
1.1463165283203125,LAHV
1.1287689208984375,LAHV
1.11846923828125,LAHV
1.13372802734375,LAHV
1.108551025390625,LAHV
1.1165618896484375,LAHV
1.116943359375,LAHV
1.1135101318359375,LAHV
1.10931396484375,LAHV
1.1089324951171875,LAHV
1.134490966796875,LAHV
1.1409759521484375,LAHV
1.1043548583984375,LAHV
1.116943359375,LAHV
1.1318206787109375,LAHV
1.1043548583984375,LAHV
1.1226654052734375,LAHV
1.10931396484375,LAHV
1.1127471923828125,LAHV
1.1066436767578125,LAHV
1.1199951171875,LAHV
1.1035919189453125,LAHV
1.1043548583984375,LAHV
1.1119842529296875,LAHV
1.11083984375,LAHV
1.1264801025390625,LAHV
1.1821746826171875,LAHV
1.1058807373046875,LAHV
1.1066436767578125,LAHV
1.114654541015625,LAHV
1.10321044921875,LAHV
1.17034912109375,LAHV
1.1028289794921875,LAHV
1.100921630859375,LAHV
1.1180877685546875,LAHV
1.113128662109375,LAHV
1.1264801025390625,LAHV
1.1119842529296875,LAHV
1.1196136474609375,LAHV
1.1112213134765625,LAHV
1.1257171630859375,LAHV
1.1516571044921875,LAHV
1.1196136474609375,LAHV
1.117706298828125,LAHV
1.11846923828125,LAHV
1.1035919189453125,LAHV
1.122283935546875,LAHV
1.1081695556640625,LAHV
1.1035919189453125,LAHV
1.1104583740234375,LAHV
1.0898590087890625,LAHV
1.090240478515625,LAHV
1.114654541015625,LAHV
1.0929107666015625,LAHV
1.0921478271484375,LAHV
1.1661529541015625,LAHV
1.0921478271484375,LAHV
1.0784149169921875,LAHV
1.1165618896484375,LAHV
1.0799407958984375,LAHV
1.1157989501953125,LAHV
1.07879638671875,LAHV
1.076507568359375,LAHV
1.088714599609375,LAHV
1.087188720703125,LAHV
1.08642578125,LAHV
1.071929931640625,LAHV
1.0845184326171875,LAHV
1.0715484619140625,LAHV
1.084136962890625,LAHV
1.0669708251953125,LAHV
1.0746002197265625,LAHV
1.079559326171875,LAHV
1.0692596435546875,LAHV
1.0761260986328125,LAHV
1.0784149169921875,LAHV
1.078033447265625,LAHV
1.068878173828125,LAHV
1.096343994140625,LAHV
1.1127471923828125,LAHV
1.0890960693359375,LAHV
1.13372802734375,LAHV
1.1524200439453125,LAHV
1.209259033203125,LAHV
1.1951446533203125,LAHV
1.21002197265625,LAHV
1.1791229248046875,LAHV
1.20849609375,LAHV
1.177978515625,LAHV
1.18560791015625,LAHV
1.2073516845703125,LAHV
1.2176513671875,LAHV
1.2187957763671875,LAHV
1.2432098388671875,LAHV
1.2508392333984375,LAHV
1.2470245361328125,LAHV
1.2638092041015625,LAHV
1.2386322021484375,LAHV
1.2744903564453125,LAHV
1.255035400390625,LAHV
1.3256072998046875,LAHV
1.2477874755859375,LAHV
1.268768310546875,LAHV
1.239013671875,LAHV
1.2569427490234375,LAHV
1.2325286865234375,LAHV
1.2664794921875,LAHV
1.263427734375,LAHV
1.242828369140625,LAHV
1.2493133544921875,LAHV
1.248931884765625,LAHV
1.25274658203125,LAHV
1.24969482421875,LAHV
1.2542724609375,LAHV
1.2664794921875,LAHV
1.262664794921875,LAHV
1.2729644775390625,LAHV
1.2859344482421875,LAHV
1.2981414794921875,LAHV
1.300811767578125,LAHV
1.230621337890625,LAHV
1.238250732421875,LAHV
1.2424468994140625,LAHV
1.2348175048828125,LAHV
1.2371063232421875,LAHV
1.230621337890625,LAHV
1.2264251708984375,LAHV
1.2523651123046875,LAHV
1.235198974609375,LAHV
1.259613037109375,LAHV
1.2325286865234375,LAHV
1.222991943359375,LAHV
1.2416839599609375,LAHV
1.2241363525390625,LAHV
1.235198974609375,LAHV
1.2462615966796875,LAHV
1.2248992919921875,LAHV
1.2203216552734375,LAHV
1.2210845947265625,LAHV
1.229095458984375,LAHV
1.2218475341796875,LAHV
1.2187957763671875,LAHV
1.220703125,LAHV
1.214599609375,LAHV
1.23443603515625,LAHV
1.204681396484375,LAHV
1.204681396484375,LAHV
1.2020111083984375,LAHV
1.22833251953125,LAHV
1.2119293212890625,LAHV
1.1962890625,LAHV
1.2042999267578125,LAHV
1.18560791015625,LAHV
1.21917724609375,LAHV
1.1810302734375,LAHV
1.17645263671875,LAHV
1.2081146240234375,LAHV
1.1806488037109375,LAHV
1.17950439453125,LAHV
1.2042999267578125,LAHV
1.1775970458984375,LAHV
1.1791229248046875,LAHV
1.1928558349609375,LAHV
1.226806640625,LAHV
1.207733154296875,LAHV
1.1837005615234375,LAHV
1.171875,LAHV
1.1749267578125,LAHV
1.1760711669921875,LAHV
1.2371063232421875,LAHV
1.1699676513671875,LAHV
1.177215576171875,LAHV
1.1798858642578125,LAHV
1.178741455078125,LAHV
1.1859893798828125,LAHV
1.177215576171875,LAHV
1.1829376220703125,LAHV
1.1749267578125,LAHV
1.1829376220703125,LAHV
1.180267333984375,LAHV
1.20697021484375,LAHV
1.2142181396484375,LAHV
1.1730194091796875,LAHV
1.1837005615234375,LAHV
1.17950439453125,LAHV
1.187896728515625,LAHV
1.1684417724609375,LAHV
1.1993408203125,LAHV
1.1775970458984375,LAHV
1.177215576171875,LAHV
1.1653900146484375,LAHV
1.1714935302734375,LAHV
1.1768341064453125,LAHV
1.177215576171875,LAHV
1.1798858642578125,LAHV
1.177978515625,LAHV
1.1760711669921875,LAHV
1.171875,LAHV
1.1943817138671875,LAHV
1.1722564697265625,LAHV
1.1631011962890625,LAHV
1.174163818359375,LAHV
1.1653900146484375,LAHV
1.1627197265625,LAHV
1.16119384765625,LAHV
1.16119384765625,LAHV
1.1661529541015625,LAHV
1.184844970703125,LAHV
1.1646270751953125,LAHV
1.1745452880859375,LAHV
1.2073516845703125,LAHV
1.197052001953125,LAHV
1.1646270751953125,LAHV
1.1631011962890625,LAHV
1.2111663818359375,LAHV
1.187896728515625,LAHV
1.2439727783203125,LAHV
1.201629638671875,LAHV
1.1615753173828125,LAHV
1.1753082275390625,LAHV
1.168060302734375,LAHV
1.165008544921875,LAHV
1.1669158935546875,LAHV
1.2302398681640625,LAHV
1.190185546875,LAHV
1.1745452880859375,LAHV
1.1623382568359375,LAHV
1.172637939453125,LAHV
1.16424560546875,LAHV
1.19171142578125,LAHV
1.1730194091796875,LAHV
1.1966705322265625,LAHV
1.1661529541015625,LAHV
1.1730194091796875,LAHV
1.1821746826171875,LAHV
1.168060302734375,LAHV
1.230621337890625,LAHV
1.2882232666015625,LAHV
1.2813568115234375,LAHV
1.287078857421875,LAHV
1.2783050537109375,LAHV
1.2569427490234375,LAHV
1.2554168701171875,LAHV
1.2462615966796875,LAHV
1.2447357177734375,LAHV
1.279449462890625,LAHV
1.2516021728515625,LAHV
1.2599945068359375,LAHV
1.2630462646484375,LAHV
1.27716064453125,LAHV
1.27410888671875,LAHV
1.28173828125,LAHV
1.287841796875,LAHV
1.267242431640625,LAHV
1.323699951171875,LAHV
1.312255859375,LAHV
1.32904052734375,LAHV
1.3126373291015625,LAHV
1.3294219970703125,LAHV
1.30767822265625,LAHV
1.302337646484375,LAHV
1.29547119140625,LAHV
1.3027191162109375,LAHV
1.2989044189453125,LAHV
1.2851715087890625,LAHV
1.2828826904296875,LAHV
1.2859344482421875,LAHV
1.2813568115234375,LAHV
1.279449462890625,LAHV
1.3393402099609375,LAHV
1.2737274169921875,LAHV
1.27716064453125,LAHV
1.2821197509765625,LAHV
1.3034820556640625,LAHV
1.275634765625,LAHV
1.31683349609375,LAHV
1.2638092041015625,LAHV
1.2874603271484375,LAHV
1.264190673828125,LAHV
1.2699127197265625,LAHV
1.2767791748046875,LAHV
1.2729644775390625,LAHV
1.284027099609375,LAHV
1.2775421142578125,LAHV
1.2729644775390625,LAHV
1.2653350830078125,LAHV
1.2928009033203125,LAHV
1.2645721435546875,LAHV
1.265716552734375,LAHV
1.261138916015625,LAHV
1.2599945068359375,LAHV
1.345062255859375,LAHV
1.28173828125,LAHV
1.2935638427734375,LAHV
1.3004302978515625,LAHV
1.305389404296875,LAHV
1.2653350830078125,LAHV
1.2683868408203125,LAHV
1.2958526611328125,LAHV
1.271820068359375,LAHV
1.267242431640625,LAHV
1.2653350830078125,LAHV
1.26495361328125,LAHV
1.2660980224609375,LAHV
1.287841796875,LAHV
1.291656494140625,LAHV
1.25732421875,LAHV
1.2668609619140625,LAHV
1.2783050537109375,LAHV
1.2615203857421875,LAHV
1.27105712890625,LAHV
1.2725830078125,LAHV
1.2935638427734375,LAHV
1.2813568115234375,LAHV
1.28936767578125,LAHV
1.2554168701171875,LAHV
1.2485504150390625,LAHV
1.2603759765625,LAHV
1.25732421875,LAHV
1.2607574462890625,LAHV
1.2493133544921875,LAHV
1.2577056884765625,LAHV
1.2622833251953125,LAHV
1.247406005859375,LAHV
1.2531280517578125,LAHV
1.250457763671875,LAHV
1.28021240234375,LAHV
1.285552978515625,LAHV
1.2477874755859375,LAHV
1.2493133544921875,LAHV
1.3034820556640625,LAHV
1.24664306640625,LAHV
1.2569427490234375,LAHV
1.3149261474609375,LAHV
1.2500762939453125,LAHV
1.2493133544921875,LAHV
1.2706756591796875,LAHV
1.2554168701171875,LAHV
1.2722015380859375,LAHV
1.2603759765625,LAHV
1.3092041015625,LAHV
1.265716552734375,LAHV
1.2836456298828125,LAHV
1.253509521484375,LAHV
1.3095855712890625,LAHV
1.2607574462890625,LAHV
1.2477874755859375,LAHV
1.2561798095703125,LAHV
1.25579833984375,LAHV
1.2493133544921875,LAHV
1.2523651123046875,LAHV
1.2561798095703125,LAHV
1.284027099609375,LAHV
1.280975341796875,LAHV
1.2660980224609375,LAHV
1.25885009765625,LAHV
1.2653350830078125,LAHV
1.2485504150390625,LAHV
1.25579833984375,LAHV
1.2599945068359375,LAHV
1.2523651123046875,LAHV
1.2638092041015625,LAHV
1.2752532958984375,LAHV
1.2630462646484375,LAHV
1.262664794921875,LAHV
1.277923583984375,LAHV
1.25885009765625,LAHV
1.2584686279296875,LAHV
1.267242431640625,LAHV
1.273345947265625,LAHV
1.2821197509765625,LAHV
1.26190185546875,LAHV
1.2645721435546875,LAHV
1.26953125,LAHV
1.31378173828125,LAHV
1.276397705078125,LAHV
1.2676239013671875,LAHV
1.26800537109375,LAHV
1.2866973876953125,LAHV
1.308441162109375,LAHV
1.44805908203125,LAHV
1.4484405517578125,LAHV
1.4324188232421875,LAHV
1.4194488525390625,LAHV
1.4469146728515625,LAHV
1.4385223388671875,LAHV
1.416015625,LAHV
1.40380859375,LAHV
1.390838623046875,LAHV
1.377105712890625,LAHV
1.4034271240234375,LAHV
1.3607025146484375,LAHV
1.3927459716796875,LAHV
1.3828277587890625,LAHV
1.3629913330078125,LAHV
1.3744354248046875,LAHV
1.3973236083984375,LAHV
1.4324188232421875,LAHV
1.4007568359375,LAHV
1.427459716796875,LAHV
1.3885498046875,LAHV
1.38397216796875,LAHV
1.39312744140625,LAHV
1.3946533203125,LAHV
1.3927459716796875,LAHV
1.4698028564453125,LAHV
1.4026641845703125,LAHV
1.4041900634765625,LAHV
1.3950347900390625,LAHV
1.4019012451171875,LAHV
1.3957977294921875,LAHV
1.425933837890625,LAHV
1.4118194580078125,LAHV
1.406097412109375,LAHV
1.4316558837890625,LAHV
1.4125823974609375,LAHV
1.4011383056640625,LAHV
1.41143798828125,LAHV
1.3988494873046875,LAHV
1.4064788818359375,LAHV
1.4049530029296875,LAHV
1.41754150390625,LAHV
1.4278411865234375,LAHV
1.4141082763671875,LAHV
1.450347900390625,LAHV
1.42059326171875,LAHV
1.422882080078125,LAHV
1.41448974609375,LAHV
1.4171600341796875,LAHV
1.4202117919921875,LAHV
1.413726806640625,LAHV
1.4057159423828125,LAHV
1.4087677001953125,LAHV
1.4041900634765625,LAHV
1.44195556640625,LAHV
1.4423370361328125,LAHV
1.436614990234375,LAHV
1.432037353515625,LAHV
1.4736175537109375,LAHV
1.4404296875,LAHV
1.42974853515625,LAHV
1.4438629150390625,LAHV
1.4362335205078125,LAHV
1.45263671875,LAHV
1.418304443359375,LAHV
1.4797210693359375,LAHV
1.446533203125,LAHV
1.4133453369140625,LAHV
1.4408111572265625,LAHV
1.4255523681640625,LAHV
1.430511474609375,LAHV
1.441192626953125,LAHV
1.40838623046875,LAHV
1.4064788818359375,LAHV
1.44195556640625,LAHV
1.416015625,LAHV
1.4072418212890625,LAHV
1.412200927734375,LAHV
1.47857666015625,LAHV
1.42669677734375,LAHV
1.4434814453125,LAHV
1.4125823974609375,LAHV
1.40228271484375,LAHV
1.3843536376953125,LAHV
1.438140869140625,LAHV
1.4019012451171875,LAHV
1.3828277587890625,LAHV
1.4049530029296875,LAHV
1.3881683349609375,LAHV
1.393890380859375,LAHV
1.413726806640625,LAHV
1.40380859375,LAHV
1.44195556640625,LAHV
1.4614105224609375,LAHV
1.47247314453125,LAHV
1.4415740966796875,LAHV
1.4286041259765625,LAHV
1.4400482177734375,LAHV
1.435089111328125,LAHV
1.4339447021484375,LAHV
1.4759063720703125,LAHV
1.4434814453125,LAHV
1.4247894287109375,LAHV
1.4423370361328125,LAHV
1.5228271484375,LAHV
1.4888763427734375,LAHV
1.49993896484375,LAHV
1.4652252197265625,LAHV
1.451873779296875,LAHV
1.512908935546875,LAHV
1.4430999755859375,LAHV
1.471710205078125,LAHV
1.53350830078125,LAHV
1.445770263671875,LAHV
1.44500732421875,LAHV
1.4301300048828125,LAHV
1.42822265625,LAHV
1.459503173828125,LAHV
1.4331817626953125,LAHV
1.4255523681640625,LAHV
1.4240264892578125,LAHV
1.4255523681640625,LAHV
1.4614105224609375,LAHV
1.5468597412109375,LAHV
1.6510009765625,LAHV
1.6162872314453125,LAHV
1.5911102294921875,LAHV
1.5674591064453125,LAHV
1.5380859375,LAHV
1.5468597412109375,LAHV
1.531219482421875,LAHV
1.511383056640625,LAHV
1.507568359375,LAHV
1.509857177734375,LAHV
1.5003204345703125,LAHV
1.49993896484375,LAHV
1.525115966796875,LAHV
1.523590087890625,LAHV
1.5041351318359375,LAHV
1.491546630859375,LAHV
1.4984130859375,LAHV
1.5018463134765625,LAHV
1.5224456787109375,LAHV
1.5132904052734375,LAHV
1.51214599609375,LAHV
1.541900634765625,LAHV
1.5254974365234375,LAHV
1.5277862548828125,LAHV
1.5346527099609375,LAHV
1.5583038330078125,LAHV
1.5289306640625,LAHV
1.525115966796875,LAHV
1.5781402587890625,LAHV
1.5094757080078125,LAHV
1.50146484375,LAHV
1.5354156494140625,LAHV
1.5048980712890625,LAHV
1.5026092529296875,LAHV
1.49383544921875,LAHV
1.529693603515625,LAHV
1.507568359375,LAHV
1.5018463134765625,LAHV
1.4842987060546875,LAHV
1.4896392822265625,LAHV
1.564788818359375,LAHV
1.5003204345703125,LAHV
1.5209197998046875,LAHV
1.508331298828125,LAHV
1.4751434326171875,LAHV
1.4739990234375,LAHV
1.473236083984375,LAHV
1.4820098876953125,LAHV
1.5171051025390625,LAHV
1.5117645263671875,LAHV
1.5102386474609375,LAHV
1.5056610107421875,LAHV
1.50909423828125,LAHV
1.505279541015625,LAHV
1.520538330078125,LAHV
1.5415191650390625,LAHV
1.4995574951171875,LAHV
1.507568359375,LAHV
1.4919281005859375,LAHV
1.4995574951171875,LAHV
1.5079498291015625,LAHV
1.5350341796875,LAHV
1.4934539794921875,LAHV
1.5033721923828125,LAHV
1.485443115234375,LAHV
1.46942138671875,LAHV
1.4904022216796875,LAHV
1.4957427978515625,LAHV
1.519775390625,LAHV
1.4789581298828125,LAHV
1.4873504638671875,LAHV
1.5033721923828125,LAHV
1.4984130859375,LAHV
1.4751434326171875,LAHV
1.5430450439453125,LAHV
1.4774322509765625,LAHV
1.4888763427734375,LAHV
1.468658447265625,LAHV
1.4614105224609375,LAHV
1.454925537109375,LAHV
1.4469146728515625,LAHV
1.46331787109375,LAHV
1.4598846435546875,LAHV
1.4591217041015625,LAHV
1.4942169189453125,LAHV
1.4492034912109375,LAHV
1.451873779296875,LAHV
1.4797210693359375,LAHV
1.5155792236328125,LAHV
1.543426513671875,LAHV
1.5960693359375,LAHV
1.6109466552734375,LAHV
1.569366455078125,LAHV
1.5598297119140625,LAHV
1.55792236328125,LAHV
1.5575408935546875,LAHV
1.5811920166015625,LAHV
1.5628814697265625,LAHV
1.538848876953125,LAHV
1.5346527099609375,LAHV
1.6185760498046875,LAHV
1.6796112060546875,LAHV
1.694488525390625,LAHV
1.70440673828125,LAHV
1.8543243408203125,LAHV
1.9115447998046875,LAHV
1.8642425537109375,LAHV
1.7974853515625,LAHV
1.7589569091796875,LAHV
1.7444610595703125,LAHV
1.729583740234375,LAHV
1.7101287841796875,LAHV
1.6925811767578125,LAHV
1.715087890625,LAHV
1.678466796875,LAHV
1.6658782958984375,LAHV
1.6536712646484375,LAHV
1.6521453857421875,LAHV
1.6857147216796875,LAHV
1.7368316650390625,LAHV
1.75323486328125,LAHV
1.7547607421875,LAHV
1.7856597900390625,LAHV
1.8268585205078125,LAHV
1.75323486328125,LAHV
1.7734527587890625,LAHV
1.75323486328125,LAHV
1.77001953125,LAHV
1.7986297607421875,LAHV
1.75323486328125,LAHV
1.8581390380859375,LAHV
1.86767578125,LAHV
1.9145965576171875,LAHV
1.8795013427734375,LAHV
1.873016357421875,LAHV
1.88751220703125,LAHV
1.8482208251953125,LAHV
1.8634796142578125,LAHV
1.839447021484375,LAHV
1.8779754638671875,LAHV
1.825714111328125,LAHV
1.8466949462890625,LAHV
1.8035888671875,LAHV
1.813507080078125,LAHV
1.8161773681640625,LAHV
1.7810821533203125,LAHV
1.776885986328125,LAHV
1.7978668212890625,LAHV
1.8032073974609375,LAHV
1.78985595703125,LAHV
1.7833709716796875,LAHV
1.766204833984375,LAHV
1.7894744873046875,LAHV
1.8230438232421875,LAHV
1.9344329833984375,LAHV
2.0030975341796875,LAHV
1.9596099853515625,LAHV
1.9245147705078125,LAHV
1.8878936767578125,LAHV
1.8756866455078125,LAHV
1.8527984619140625,LAHV
1.834869384765625,LAHV
1.849365234375,LAHV
1.8115997314453125,LAHV
1.8238067626953125,LAHV
1.8207550048828125,LAHV
1.819610595703125,LAHV
1.827239990234375,LAHV
1.83258056640625,LAHV
1.8035888671875,LAHV
1.8245697021484375,LAHV
1.8001556396484375,LAHV
1.8138885498046875,LAHV
1.800537109375,LAHV
1.8009185791015625,LAHV
1.7974853515625,LAHV
1.7848968505859375,LAHV
1.77001953125,LAHV
1.77154541015625,LAHV
1.8016815185546875,LAHV
1.767730712890625,LAHV
1.795196533203125,LAHV
1.80511474609375,LAHV
1.8093109130859375,LAHV
1.8062591552734375,LAHV
1.782989501953125,LAHV
1.792144775390625,LAHV
1.795196533203125,LAHV
1.8009185791015625,LAHV
1.92718505859375,LAHV
1.9817352294921875,LAHV
2.017974853515625,LAHV
1.9626617431640625,LAHV
1.9641876220703125,LAHV
1.91802978515625,LAHV
1.9359588623046875,LAHV
1.900482177734375,LAHV
1.9161224365234375,LAHV
1.9832611083984375,LAHV
1.9504547119140625,LAHV
1.9184112548828125,LAHV
1.92413330078125,LAHV
1.9054412841796875,LAHV
1.8978118896484375,LAHV
1.904296875,LAHV
1.9008636474609375,LAHV
1.9252777099609375,LAHV
1.8985748291015625,LAHV
1.8955230712890625,LAHV
1.8894195556640625,LAHV
1.8955230712890625,LAHV
1.905059814453125,LAHV
1.8657684326171875,LAHV
1.885223388671875,LAHV
1.891326904296875,LAHV
1.9123077392578125,LAHV
1.877593994140625,LAHV
1.86920166015625,LAHV
1.891326904296875,LAHV
1.922607421875,LAHV
1.950836181640625,LAHV
1.9557952880859375,LAHV
1.9596099853515625,LAHV
1.9420623779296875,LAHV
1.956939697265625,LAHV
1.988983154296875,LAHV
2.193450927734375,LAHV
2.2918701171875,LAHV
2.288055419921875,LAHV
2.3006439208984375,LAHV
2.32086181640625,LAHV
2.3082733154296875,LAHV
2.2907257080078125,LAHV
2.2693634033203125,LAHV
2.2655487060546875,LAHV
2.286529541015625,LAHV
2.336883544921875,LAHV
2.3128509521484375,LAHV
2.2968292236328125,LAHV
2.2853851318359375,LAHV
2.29949951171875,LAHV
2.2670745849609375,LAHV
2.26593017578125,LAHV
2.3097991943359375,LAHV
2.3212432861328125,LAHV
2.30255126953125,LAHV
2.2914886474609375,LAHV
2.35137939453125,LAHV
2.2979736328125,LAHV
2.288818359375,LAHV
2.2846221923828125,LAHV
2.2670745849609375,LAHV
2.2525787353515625,LAHV
2.3845672607421875,LAHV
2.4799346923828125,LAHV
2.4898529052734375,LAHV
2.5165557861328125,LAHV
2.5020599365234375,LAHV
2.4898529052734375,LAHV
2.4295806884765625,LAHV
2.44293212890625,LAHV
2.4074554443359375,LAHV
2.4425506591796875,LAHV
2.47344970703125,LAHV
2.474212646484375,LAHV
2.4547576904296875,LAHV
2.4623870849609375,LAHV
2.4066925048828125,LAHV
2.3777008056640625,LAHV
2.3769378662109375,LAHV
2.3677825927734375,LAHV
2.3784637451171875,LAHV
2.3586273193359375,LAHV
2.329254150390625,LAHV
2.3296356201171875,LAHV
2.32391357421875,LAHV
2.324676513671875,LAHV
2.3723602294921875,LAHV
2.3853302001953125,LAHV
2.410888671875,LAHV
2.3601531982421875,LAHV
2.3838043212890625,LAHV
2.356719970703125,LAHV
2.4288177490234375,LAHV
2.4608612060546875,LAHV
2.442169189453125,LAHV
2.457427978515625,LAHV
2.61077880859375,LAHV
2.730560302734375,LAHV
2.7660369873046875,LAHV
2.712249755859375,LAHV
2.6889801025390625,LAHV
2.655792236328125,LAHV
2.6065826416015625,LAHV
2.611541748046875,LAHV
2.5783538818359375,LAHV
2.686309814453125,LAHV
2.7408599853515625,LAHV
2.7252197265625,LAHV
2.664947509765625,LAHV
2.6119232177734375,LAHV
2.5547027587890625,LAHV
2.5318145751953125,LAHV
2.582550048828125,LAHV
2.6058197021484375,LAHV
2.61688232421875,LAHV
2.6058197021484375,LAHV
2.588653564453125,LAHV
2.558135986328125,LAHV
2.5577545166015625,LAHV
2.581024169921875,LAHV
2.5295257568359375,LAHV
2.5299072265625,LAHV
2.5146484375,LAHV
2.5295257568359375,LAHV
2.5142669677734375,LAHV
2.489471435546875,LAHV
2.513885498046875,LAHV
2.526092529296875,LAHV
2.50396728515625,LAHV
2.6378631591796875,LAHV
2.8156280517578125,LAHV
2.8564453125,LAHV
2.7950286865234375,LAHV
2.7614593505859375,LAHV
2.7240753173828125,LAHV
2.6851654052734375,LAHV
2.67791748046875,LAHV
2.66265869140625,LAHV
2.6439666748046875,LAHV
2.6340484619140625,LAHV
2.617645263671875,LAHV
2.6393890380859375,LAHV
2.6180267333984375,LAHV
2.6996612548828125,LAHV
2.7339935302734375,LAHV
2.761077880859375,LAHV
2.7988433837890625,LAHV
2.8247833251953125,LAHV
2.7873992919921875,LAHV
2.7278900146484375,LAHV
2.6912689208984375,LAHV
2.68402099609375,LAHV
2.741241455078125,LAHV
2.6332855224609375,LAHV
2.6348114013671875,LAHV
2.65045166015625,LAHV
2.6447296142578125,LAHV
2.6363372802734375,LAHV
2.6165008544921875,LAHV
2.6065826416015625,LAHV
2.6134490966796875,LAHV
2.6386260986328125,LAHV
2.6020050048828125,LAHV
2.61077880859375,LAHV
2.6393890380859375,LAHV
2.635955810546875,LAHV
2.669525146484375,LAHV
2.6676177978515625,LAHV
2.6821136474609375,LAHV
2.6653289794921875,LAHV
2.645111083984375,LAHV
2.672576904296875,LAHV
2.677154541015625,LAHV
2.6332855224609375,LAHV
2.640533447265625,LAHV
2.6454925537109375,LAHV
2.630615234375,LAHV
2.6363372802734375,LAHV
2.6477813720703125,LAHV
2.6889801025390625,LAHV
2.7374267578125,LAHV
2.7523040771484375,LAHV
2.74200439453125,LAHV
2.7355194091796875,LAHV
2.7393341064453125,LAHV
2.7217864990234375,LAHV
2.794647216796875,LAHV
3.0437469482421875,LAHV
3.1005859375,LAHV
3.1314849853515625,LAHV
3.0803680419921875,LAHV
3.0239105224609375,LAHV
2.9666900634765625,LAHV
2.94036865234375,LAHV
2.91290283203125,LAHV
2.9064178466796875,LAHV
2.8873443603515625,LAHV
2.9087066650390625,LAHV
2.8575897216796875,LAHV
2.850341796875,LAHV
2.8842926025390625,LAHV
2.840423583984375,LAHV
2.8217315673828125,LAHV
2.8400421142578125,LAHV
2.916717529296875,LAHV
3.00750732421875,LAHV
3.057098388671875,LAHV
3.0345916748046875,LAHV
3.017425537109375,LAHV
2.951812744140625,LAHV
2.9422760009765625,LAHV
2.9071807861328125,LAHV
2.890777587890625,LAHV
2.8774261474609375,LAHV
2.8499603271484375,LAHV
2.8644561767578125,LAHV
2.8766632080078125,LAHV
2.87933349609375,LAHV
2.8491973876953125,LAHV
2.852630615234375,LAHV
2.8675079345703125,LAHV
2.9041290283203125,LAHV
2.899932861328125,LAHV
2.9033660888671875,LAHV
2.8835296630859375,LAHV
2.8690338134765625,LAHV
2.85797119140625,LAHV
2.8598785400390625,LAHV
2.928924560546875,LAHV
3.012847900390625,LAHV
3.0094146728515625,LAHV
2.9956817626953125,LAHV
2.95562744140625,LAHV
2.938079833984375,LAHV
2.9327392578125,LAHV
2.9537200927734375,LAHV
2.9644012451171875,LAHV
2.947235107421875,LAHV
2.9300689697265625,LAHV
2.9346466064453125,LAHV
2.9140472412109375,LAHV
2.941131591796875,LAHV
2.9598236083984375,LAHV
2.9476165771484375,LAHV
2.912139892578125,LAHV
2.9125213623046875,LAHV
2.9193878173828125,LAHV
2.8789520263671875,LAHV
2.881622314453125,LAHV
2.8942108154296875,LAHV
2.9170989990234375,LAHV
2.951812744140625,LAHV
2.9590606689453125,LAHV
2.954864501953125,LAHV
0.948333740234375,LAHV
0.969696044921875,LAHV
0.9464263916015625,LAHV
0.9555816650390625,LAHV
0.95672607421875,LAHV
0.9601593017578125,LAHV
0.934600830078125,LAHV
0.988006591796875,LAHV
0.9654998779296875,LAHV
0.94146728515625,LAHV
0.952911376953125,LAHV
0.946807861328125,LAHV
0.9365081787109375,LAHV
0.97503662109375,LAHV
0.9609222412109375,LAHV
0.96893310546875,LAHV
0.9586334228515625,LAHV
0.9296417236328125,LAHV
0.933837890625,LAHV
0.92926025390625,LAHV
0.9662628173828125,LAHV
0.9387969970703125,LAHV
0.9288787841796875,LAHV
0.998687744140625,LAHV
0.968170166015625,LAHV
0.9273529052734375,LAHV
0.923919677734375,LAHV
0.9235382080078125,LAHV
0.90484619140625,LAHV
0.920867919921875,LAHV
0.920867919921875,LAHV
0.9693145751953125,LAHV
1.0044097900390625,LAHV
0.92010498046875,LAHV
0.9250640869140625,LAHV
0.9380340576171875,LAHV
0.925445556640625,LAHV
0.919342041015625,LAHV
0.9616851806640625,LAHV
0.9998321533203125,LAHV
0.9181976318359375,LAHV
0.91552734375,LAHV
0.922393798828125,LAHV
0.9746551513671875,LAHV
0.9765625,LAHV
0.9304046630859375,LAHV
0.9525299072265625,LAHV
0.9143829345703125,LAHV
0.910186767578125,LAHV
0.9548187255859375,LAHV
0.9319305419921875,LAHV
0.91552734375,LAHV
0.916290283203125,LAHV
0.914764404296875,LAHV
0.9075164794921875,LAHV
0.92010498046875,LAHV
0.9845733642578125,LAHV
0.934600830078125,LAHV
0.909423828125,LAHV
0.90789794921875,LAHV
0.910186767578125,LAHV
0.910186767578125,LAHV
0.90179443359375,LAHV
0.9044647216796875,LAHV
0.9449005126953125,LAHV
0.9449005126953125,LAHV
0.9021759033203125,LAHV
0.994110107421875,LAHV
0.931549072265625,LAHV
0.9693145751953125,LAHV
0.9632110595703125,LAHV
0.920867919921875,LAHV
0.937652587890625,LAHV
0.9387969970703125,LAHV
0.89874267578125,LAHV
0.8983612060546875,LAHV
0.9159088134765625,LAHV
0.95062255859375,LAHV
0.905609130859375,LAHV
0.908660888671875,LAHV
0.902557373046875,LAHV
0.9159088134765625,LAHV
0.92926025390625,LAHV
0.9185791015625,LAHV
0.91400146484375,LAHV
0.9098052978515625,LAHV
0.91400146484375,LAHV
0.9136199951171875,LAHV
0.9449005126953125,LAHV
0.917816162109375,LAHV
0.9204864501953125,LAHV
0.9113311767578125,LAHV
0.9250640869140625,LAHV
0.9212493896484375,LAHV
0.9433746337890625,LAHV
0.9174346923828125,LAHV
0.93841552734375,LAHV
0.958251953125,LAHV
0.9220123291015625,LAHV
0.919342041015625,LAHV
0.9159088134765625,LAHV
0.91552734375,LAHV
0.916290283203125,LAHV
0.93841552734375,LAHV
0.9212493896484375,LAHV
0.95367431640625,LAHV
0.9143829345703125,LAHV
0.9159088134765625,LAHV
0.9494781494140625,LAHV
0.926971435546875,LAHV
0.9227752685546875,LAHV
0.9281158447265625,LAHV
0.9159088134765625,LAHV
0.9124755859375,LAHV
0.9365081787109375,LAHV
0.9159088134765625,LAHV
0.9166717529296875,LAHV
0.9098052978515625,LAHV
0.9090423583984375,LAHV
0.9128570556640625,LAHV
0.9490966796875,LAHV
0.9159088134765625,LAHV
0.9632110595703125,LAHV
0.9044647216796875,LAHV
0.9563446044921875,LAHV
0.934600830078125,LAHV
0.9368896484375,LAHV
0.9609222412109375,LAHV
0.9113311767578125,LAHV
0.907135009765625,LAHV
0.9387969970703125,LAHV
0.90484619140625,LAHV
0.917816162109375,LAHV
0.9380340576171875,LAHV
0.9403228759765625,LAHV
0.9029388427734375,LAHV
0.942230224609375,LAHV
0.9426116943359375,LAHV
0.93536376953125,LAHV
0.9418487548828125,LAHV
0.9033203125,LAHV
0.9357452392578125,LAHV
0.943756103515625,LAHV
0.9037017822265625,LAHV
0.95062255859375,LAHV
0.9029388427734375,LAHV
0.896453857421875,LAHV
0.8953094482421875,LAHV
0.9136199951171875,LAHV
0.95062255859375,LAHV
0.93536376953125,LAHV
0.891876220703125,LAHV
0.93536376953125,LAHV
0.8880615234375,LAHV
0.8853912353515625,LAHV
0.90789794921875,LAHV
0.885772705078125,LAHV
0.89111328125,LAHV
0.8968353271484375,LAHV
0.897216796875,LAHV
0.8922576904296875,LAHV
0.8907318115234375,LAHV
0.9243011474609375,LAHV
0.887298583984375,LAHV
0.887298583984375,LAHV
0.8922576904296875,LAHV
0.8808135986328125,LAHV
0.8777618408203125,LAHV
0.885009765625,LAHV
0.8762359619140625,LAHV
0.882720947265625,LAHV
0.8831024169921875,LAHV
0.887298583984375,LAHV
0.89111328125,LAHV
0.8731842041015625,LAHV
0.9166717529296875,LAHV
0.8800506591796875,LAHV
0.87738037109375,LAHV
0.8815765380859375,LAHV
0.9365081787109375,LAHV
0.934600830078125,LAHV
0.8701324462890625,LAHV
0.8823394775390625,LAHV
0.8731842041015625,LAHV
0.8754730224609375,LAHV
0.8731842041015625,LAHV
0.8819580078125,LAHV
0.8686065673828125,LAHV
0.8739471435546875,LAHV
0.966644287109375,LAHV
0.867462158203125,LAHV
0.8678436279296875,LAHV
0.897216796875,LAHV
0.8632659912109375,LAHV
0.902557373046875,LAHV
0.8678436279296875,LAHV
0.89569091796875,LAHV
0.8937835693359375,LAHV
0.93231201171875,LAHV
0.8586883544921875,LAHV
0.8678436279296875,LAHV
0.905609130859375,LAHV
0.8632659912109375,LAHV
0.85601806640625,LAHV
0.9090423583984375,LAHV
0.858306884765625,LAHV
0.858306884765625,LAHV
0.85601806640625,LAHV
0.879669189453125,LAHV
0.855255126953125,LAHV
0.86669921875,LAHV
0.8617401123046875,LAHV
0.8518218994140625,LAHV
0.87432861328125,LAHV
0.8586883544921875,LAHV
0.85601806640625,LAHV
0.8853912353515625,LAHV
0.8525848388671875,LAHV
0.8655548095703125,LAHV
0.848388671875,LAHV
0.84991455078125,LAHV
0.8464813232421875,LAHV
0.846099853515625,LAHV
0.8541107177734375,LAHV
0.8571624755859375,LAHV
0.8602142333984375,LAHV
0.847625732421875,LAHV
0.8556365966796875,LAHV
0.9197235107421875,LAHV
0.8617401123046875,LAHV
0.8441925048828125,LAHV
0.8480072021484375,LAHV
0.8731842041015625,LAHV
0.9082794189453125,LAHV
0.9288787841796875,LAHV
0.84381103515625,LAHV
0.84228515625,LAHV
0.864410400390625,LAHV
0.8716583251953125,LAHV
0.84228515625,LAHV
0.84075927734375,LAHV
0.843048095703125,LAHV
0.83770751953125,LAHV
0.859832763671875,LAHV
0.8426666259765625,LAHV
0.832366943359375,LAHV
0.884246826171875,LAHV
0.8068084716796875,LAHV
0.8373260498046875,LAHV
0.841522216796875,LAHV
0.8350372314453125,LAHV
0.830841064453125,LAHV
0.8331298828125,LAHV
0.8266448974609375,LAHV
0.8396148681640625,LAHV
0.8312225341796875,LAHV
0.9052276611328125,LAHV
0.84991455078125,LAHV
0.830078125,LAHV
0.8281707763671875,LAHV
0.82855224609375,LAHV
0.870513916015625,LAHV
0.86822509765625,LAHV
0.8296966552734375,LAHV
0.8228302001953125,LAHV
0.82550048828125,LAHV
0.8411407470703125,LAHV
0.8678436279296875,LAHV
0.8892059326171875,LAHV
0.8251190185546875,LAHV
0.8312225341796875,LAHV
0.8724212646484375,LAHV
0.8331298828125,LAHV
0.8274078369140625,LAHV
0.8228302001953125,LAHV
0.8586883544921875,LAHV
0.8266448974609375,LAHV
0.8228302001953125,LAHV
0.8270263671875,LAHV
0.83160400390625,LAHV
0.8304595947265625,LAHV
0.823211669921875,LAHV
0.830078125,LAHV
0.83465576171875,LAHV
0.85906982421875,LAHV
0.8270263671875,LAHV
0.8197784423828125,LAHV
0.8647918701171875,LAHV
0.8205413818359375,LAHV
0.8197784423828125,LAHV
0.821685791015625,LAHV
0.8235931396484375,LAHV
0.818634033203125,LAHV
0.8693695068359375,LAHV
0.824737548828125,LAHV
0.824737548828125,LAHV
0.8213043212890625,LAHV
0.817108154296875,LAHV
0.8594512939453125,LAHV
0.820159912109375,LAHV
0.818634033203125,LAHV
0.8312225341796875,LAHV
0.81787109375,LAHV
0.8174896240234375,LAHV
0.8731842041015625,LAHV
0.855255126953125,LAHV
0.7900238037109375,LAHV
0.862884521484375,LAHV
0.8152008056640625,LAHV
0.8144378662109375,LAHV
0.8090972900390625,LAHV
0.811767578125,LAHV
0.824737548828125,LAHV
0.8197784423828125,LAHV
0.81787109375,LAHV
0.8205413818359375,LAHV
0.84381103515625,LAHV
0.8113861083984375,LAHV
0.806427001953125,LAHV
0.832366943359375,LAHV
0.8087158203125,LAHV
0.8060455322265625,LAHV
0.850677490234375,LAHV
0.809478759765625,LAHV
0.817108154296875,LAHV
0.8090972900390625,LAHV
0.81634521484375,LAHV
0.8655548095703125,LAHV
0.812530517578125,LAHV
0.811767578125,LAHV
0.8090972900390625,LAHV
0.80718994140625,LAHV
0.806427001953125,LAHV
0.89874267578125,LAHV
0.8045196533203125,LAHV
0.8068084716796875,LAHV
0.8785247802734375,LAHV
0.8052825927734375,LAHV
0.807952880859375,LAHV
0.80718994140625,LAHV
0.7999420166015625,LAHV
0.8056640625,LAHV
0.8068084716796875,LAHV
0.8098602294921875,LAHV
0.8014678955078125,LAHV
0.8426666259765625,LAHV
0.8068084716796875,LAHV
0.83770751953125,LAHV
0.8392333984375,LAHV
0.7961273193359375,LAHV
0.811767578125,LAHV
0.86822509765625,LAHV
0.8296966552734375,LAHV
0.7976531982421875,LAHV
0.8087158203125,LAHV
0.8571624755859375,LAHV
0.8045196533203125,LAHV
0.823974609375,LAHV
0.7946014404296875,LAHV
0.79345703125,LAHV
0.7930755615234375,LAHV
0.848388671875,LAHV
0.7965087890625,LAHV
0.8342742919921875,LAHV
0.7965087890625,LAHV
0.829315185546875,LAHV
0.797271728515625,LAHV
0.79193115234375,LAHV
0.7930755615234375,LAHV
0.84075927734375,LAHV
0.902557373046875,LAHV
0.792694091796875,LAHV
0.7991790771484375,LAHV
0.7976531982421875,LAHV
0.8235931396484375,LAHV
0.7923126220703125,LAHV
0.7915496826171875,LAHV
0.8083343505859375,LAHV
0.7961273193359375,LAHV
0.794219970703125,LAHV
0.8350372314453125,LAHV
0.7923126220703125,LAHV
0.829315185546875,LAHV
0.7965087890625,LAHV
0.786590576171875,LAHV
0.8014678955078125,LAHV
0.833892822265625,LAHV
0.794219970703125,LAHV
0.7823944091796875,LAHV
0.7823944091796875,LAHV
0.7900238037109375,LAHV
0.82244873046875,LAHV
0.7831573486328125,LAHV
0.7915496826171875,LAHV
0.7907867431640625,LAHV
0.829315185546875,LAHV
0.8083343505859375,LAHV
0.7984161376953125,LAHV
0.787353515625,LAHV
0.7915496826171875,LAHV
0.8098602294921875,LAHV
0.8026123046875,LAHV
0.794219970703125,LAHV
0.804901123046875,LAHV
0.80718994140625,LAHV
0.78582763671875,LAHV
0.7843017578125,LAHV
0.785064697265625,LAHV
0.7953643798828125,LAHV
0.8007049560546875,LAHV
0.7907867431640625,LAHV
0.8182525634765625,LAHV
0.7854461669921875,LAHV
0.7946014404296875,LAHV
0.79803466796875,LAHV
0.7907867431640625,LAHV
0.7808685302734375,LAHV
0.7862091064453125,LAHV
0.7900238037109375,LAHV
0.7892608642578125,LAHV
0.778961181640625,LAHV
0.8880615234375,LAHV
0.8434295654296875,LAHV
0.7839202880859375,LAHV
0.7793426513671875,LAHV
0.787353515625,LAHV
0.8075714111328125,LAHV
0.7793426513671875,LAHV
0.807952880859375,LAHV
0.7938385009765625,LAHV
0.7816314697265625,LAHV
0.785064697265625,LAHV
0.84075927734375,LAHV
0.7892608642578125,LAHV
0.780487060546875,LAHV
0.7892608642578125,LAHV
0.785064697265625,LAHV
0.8235931396484375,LAHV
0.8197784423828125,LAHV
0.775146484375,LAHV
0.78277587890625,LAHV
0.783538818359375,LAHV
0.792694091796875,LAHV
0.78887939453125,LAHV
0.7923126220703125,LAHV
0.8121490478515625,LAHV
0.7801055908203125,LAHV
0.774383544921875,LAHV
0.78277587890625,LAHV
0.774383544921875,LAHV
0.7801055908203125,LAHV
0.775909423828125,LAHV
0.817108154296875,LAHV
0.777435302734375,LAHV
0.782012939453125,LAHV
0.7930755615234375,LAHV
0.8060455322265625,LAHV
0.7740020751953125,LAHV
0.7961273193359375,LAHV
0.7770538330078125,LAHV
0.80413818359375,LAHV
0.7770538330078125,LAHV
0.7717132568359375,LAHV
0.7732391357421875,LAHV
0.7965087890625,LAHV
0.772857666015625,LAHV
0.79498291015625,LAHV
0.771331787109375,LAHV
0.7720947265625,LAHV
0.7907867431640625,LAHV
0.7762908935546875,LAHV
0.8121490478515625,LAHV
0.7839202880859375,LAHV
0.7720947265625,LAHV
0.77362060546875,LAHV
0.77667236328125,LAHV
0.7785797119140625,LAHV
0.8152008056640625,LAHV
0.8251190185546875,LAHV
0.768280029296875,LAHV
0.7709503173828125,LAHV
0.7831573486328125,LAHV
0.76904296875,LAHV
0.77362060546875,LAHV
0.785064697265625,LAHV
0.7659912109375,LAHV
0.797271728515625,LAHV
0.787353515625,LAHV
0.7793426513671875,LAHV
0.8148193359375,LAHV
0.7686614990234375,LAHV
0.7976531982421875,LAHV
0.8144378662109375,LAHV
0.811767578125,LAHV
0.8060455322265625,LAHV
0.7640838623046875,LAHV
0.76446533203125,LAHV
0.771331787109375,LAHV
0.7717132568359375,LAHV
0.803375244140625,LAHV
0.8396148681640625,LAHV
0.797271728515625,LAHV
0.76904296875,LAHV
0.7625579833984375,LAHV
0.7808685302734375,LAHV
0.8098602294921875,LAHV
0.7648468017578125,LAHV
0.7625579833984375,LAHV
0.8251190185546875,LAHV
0.777435302734375,LAHV
0.8087158203125,LAHV
0.7781982421875,LAHV
0.7610321044921875,LAHV
0.759124755859375,LAHV
0.762176513671875,LAHV
0.7720947265625,LAHV
0.77362060546875,LAHV
0.7717132568359375,LAHV
0.7656097412109375,LAHV
0.7854461669921875,LAHV
0.7823944091796875,LAHV
0.771331787109375,LAHV
0.7633209228515625,LAHV
0.8129119873046875,LAHV
0.841522216796875,LAHV
0.7671356201171875,LAHV
0.7659912109375,LAHV
0.8056640625,LAHV
0.7686614990234375,LAHV
0.765228271484375,LAHV
0.7816314697265625,LAHV
0.7659912109375,LAHV
0.7724761962890625,LAHV
0.777435302734375,LAHV
0.7709503173828125,LAHV
0.7801055908203125,LAHV
0.7694244384765625,LAHV
0.77056884765625,LAHV
0.7640838623046875,LAHV
0.7671356201171875,LAHV
0.76141357421875,LAHV
0.762939453125,LAHV
0.76141357421875,LAHV
0.780487060546875,LAHV
0.7598876953125,LAHV
0.765228271484375,LAHV
0.7587432861328125,LAHV
0.75836181640625,LAHV
0.76141357421875,LAHV
0.7587432861328125,LAHV
0.7656097412109375,LAHV
0.7999420166015625,LAHV
0.783538818359375,LAHV
0.7598876953125,LAHV
0.7846832275390625,LAHV
0.7659912109375,LAHV
0.765228271484375,LAHV
0.760650634765625,LAHV
0.760650634765625,LAHV
0.7659912109375,LAHV
0.7579803466796875,LAHV
0.75836181640625,LAHV
0.7579803466796875,LAHV
0.777435302734375,LAHV
0.7488250732421875,LAHV
0.78277587890625,LAHV
0.769805908203125,LAHV
0.7663726806640625,LAHV
0.7457733154296875,LAHV
0.7427215576171875,LAHV
0.738525390625,LAHV
0.7938385009765625,LAHV
0.77972412109375,LAHV
0.77362060546875,LAHV
0.81024169921875,LAHV
0.743865966796875,LAHV
0.7869720458984375,LAHV
0.772857666015625,LAHV
0.739288330078125,LAHV
0.7415771484375,LAHV
0.763702392578125,LAHV
0.7419586181640625,LAHV
0.736236572265625,LAHV
0.7846832275390625,LAHV
0.7366180419921875,LAHV
0.785064697265625,LAHV
0.7781982421875,LAHV
0.737762451171875,LAHV
0.7297515869140625,LAHV
0.730133056640625,LAHV
0.73394775390625,LAHV
0.7366180419921875,LAHV
0.7328033447265625,LAHV
0.7343292236328125,LAHV
0.77362060546875,LAHV
0.77362060546875,LAHV
0.7762908935546875,LAHV
0.7625579833984375,LAHV
0.7465362548828125,LAHV
0.73699951171875,LAHV
0.732421875,LAHV
0.74615478515625,LAHV
0.788116455078125,LAHV
0.734710693359375,LAHV
0.7755279541015625,LAHV
0.73394775390625,LAHV
0.7305145263671875,LAHV
0.73089599609375,LAHV
0.7785797119140625,LAHV
0.7709503173828125,LAHV
0.73699951171875,LAHV
0.7907867431640625,LAHV
0.7762908935546875,LAHV
0.7404327392578125,LAHV
0.7472991943359375,LAHV
0.750732421875,LAHV
0.8266448974609375,LAHV
0.7419586181640625,LAHV
0.743865966796875,LAHV
0.7442474365234375,LAHV
0.794219970703125,LAHV
0.765228271484375,LAHV
0.743865966796875,LAHV
0.74310302734375,LAHV
0.7427215576171875,LAHV
0.759124755859375,LAHV
0.7907867431640625,LAHV
0.7526397705078125,LAHV
0.7610321044921875,LAHV
0.759124755859375,LAHV
0.757598876953125,LAHV
0.775909423828125,LAHV
0.7808685302734375,LAHV
0.814056396484375,LAHV
0.7564544677734375,LAHV
0.7694244384765625,LAHV
0.7587432861328125,LAHV
0.7511138916015625,LAHV
0.7568359375,LAHV
0.756072998046875,LAHV
0.7961273193359375,LAHV
0.7625579833984375,LAHV
0.7823944091796875,LAHV
0.75836181640625,LAHV
0.7633209228515625,LAHV
0.759124755859375,LAHV
0.7904052734375,LAHV
0.7595062255859375,LAHV
0.762939453125,LAHV
0.77056884765625,LAHV
0.768280029296875,LAHV
0.76751708984375,LAHV
0.771331787109375,LAHV
0.76904296875,LAHV
0.774383544921875,LAHV
0.7678985595703125,LAHV
0.780487060546875,LAHV
0.7930755615234375,LAHV
0.79803466796875,LAHV
0.8083343505859375,LAHV
0.7659912109375,LAHV
0.768280029296875,LAHV
0.77362060546875,LAHV
0.7724761962890625,LAHV
0.7816314697265625,LAHV
0.8380889892578125,LAHV
0.83160400390625,LAHV
0.8342742919921875,LAHV
0.7785797119140625,LAHV
0.77667236328125,LAHV
0.7732391357421875,LAHV
0.788116455078125,LAHV
0.7869720458984375,LAHV
0.7709503173828125,LAHV
0.8270263671875,LAHV
0.7686614990234375,LAHV
0.7793426513671875,LAHV
0.8876800537109375,LAHV
0.8655548095703125,LAHV
0.8464813232421875,LAHV
0.817108154296875,LAHV
0.814056396484375,LAHV
0.8144378662109375,LAHV
0.8190155029296875,LAHV
0.8205413818359375,LAHV
0.8190155029296875,LAHV
0.8129119873046875,LAHV
0.829315185546875,LAHV
0.81634521484375,LAHV
0.8258819580078125,LAHV
0.820159912109375,LAHV
0.8205413818359375,LAHV
0.8876800537109375,LAHV
0.82855224609375,LAHV
0.8190155029296875,LAHV
0.823974609375,LAHV
0.8209228515625,LAHV
0.83465576171875,LAHV
0.814056396484375,LAHV
0.8228302001953125,LAHV
0.9181976318359375,LAHV
0.8220672607421875,LAHV
0.8235931396484375,LAHV
0.8148193359375,LAHV
0.8190155029296875,LAHV
0.823974609375,LAHV
0.8640289306640625,LAHV
0.8487701416015625,LAHV
0.855255126953125,LAHV
0.855255126953125,LAHV
0.9204864501953125,LAHV
0.897979736328125,LAHV
0.86669921875,LAHV
0.8602142333984375,LAHV
0.8579254150390625,LAHV
0.89263916015625,LAHV
0.85906982421875,LAHV
0.8556365966796875,LAHV
0.86212158203125,LAHV
0.88043212890625,LAHV
0.899505615234375,LAHV
0.9326934814453125,LAHV
0.885772705078125,LAHV
0.9296417236328125,LAHV
0.8686065673828125,LAHV
0.8632659912109375,LAHV
0.8724212646484375,LAHV
0.8647918701171875,LAHV
0.85906982421875,LAHV
0.8602142333984375,LAHV
0.8731842041015625,LAHV
0.848388671875,LAHV
0.8514404296875,LAHV
0.8544921875,LAHV
0.8647918701171875,LAHV
0.864410400390625,LAHV
0.920867919921875,LAHV
0.8636474609375,LAHV
0.9136199951171875,LAHV
0.885772705078125,LAHV
0.8579254150390625,LAHV
0.8907318115234375,LAHV
0.9014129638671875,LAHV
0.850677490234375,LAHV
0.850677490234375,LAHV
0.84381103515625,LAHV
0.8487701416015625,LAHV
0.8411407470703125,LAHV
0.852203369140625,LAHV
0.8441925048828125,LAHV
0.843048095703125,LAHV
0.86822509765625,LAHV
0.8495330810546875,LAHV
0.835418701171875,LAHV
0.8678436279296875,LAHV
0.82855224609375,LAHV
0.884246826171875,LAHV
0.826263427734375,LAHV
0.82855224609375,LAHV
0.83160400390625,LAHV
0.8312225341796875,LAHV
0.827789306640625,LAHV
0.82550048828125,LAHV
0.86822509765625,LAHV
0.8663177490234375,LAHV
0.8167266845703125,LAHV
0.838470458984375,LAHV
0.80718994140625,LAHV
0.81634521484375,LAHV
0.8148193359375,LAHV
0.8228302001953125,LAHV
0.8159637451171875,LAHV
0.897216796875,LAHV
0.844573974609375,LAHV
0.801849365234375,LAHV
0.8087158203125,LAHV
0.8777618408203125,LAHV
0.8182525634765625,LAHV
0.8045196533203125,LAHV
0.841522216796875,LAHV
0.8087158203125,LAHV
0.820159912109375,LAHV
0.7965087890625,LAHV
0.8533477783203125,LAHV
0.7953643798828125,LAHV
0.78125,LAHV
0.789642333984375,LAHV
0.7846832275390625,LAHV
0.782012939453125,LAHV
0.8358001708984375,LAHV
0.7823944091796875,LAHV
0.839996337890625,LAHV
0.77362060546875,LAHV
0.7663726806640625,LAHV
0.7663726806640625,LAHV
0.768280029296875,LAHV
0.7900238037109375,LAHV
0.7823944091796875,LAHV
0.7732391357421875,LAHV
0.77362060546875,LAHV
0.7938385009765625,LAHV
0.8075714111328125,LAHV
0.7717132568359375,LAHV
0.77362060546875,LAHV
0.760650634765625,LAHV
0.75836181640625,LAHV
0.7640838623046875,LAHV
0.772857666015625,LAHV
0.775146484375,LAHV
0.754547119140625,LAHV
0.756072998046875,LAHV
0.7598876953125,LAHV
0.7915496826171875,LAHV
0.7598876953125,LAHV
0.7587432861328125,LAHV
0.7587432861328125,LAHV
0.78277587890625,LAHV
0.8075714111328125,LAHV
0.7720947265625,LAHV
0.754547119140625,LAHV
0.7488250732421875,LAHV
0.765228271484375,LAHV
0.7549285888671875,LAHV
0.75225830078125,LAHV
0.7732391357421875,LAHV
0.7411956787109375,LAHV
0.78125,LAHV
0.7694244384765625,LAHV
0.7465362548828125,LAHV
0.7434844970703125,LAHV
0.7816314697265625,LAHV
0.814056396484375,LAHV
0.7373809814453125,LAHV
0.7457733154296875,LAHV
0.7518768310546875,LAHV
0.73699951171875,LAHV
0.73699951171875,LAHV
0.73394775390625,LAHV
0.730133056640625,LAHV
0.762176513671875,LAHV
0.762176513671875,LAHV
0.7328033447265625,LAHV
0.7740020751953125,LAHV
0.7656097412109375,LAHV
0.7617950439453125,LAHV
0.76751708984375,LAHV
0.7282257080078125,LAHV
0.77056884765625,LAHV
0.7228851318359375,LAHV
0.7232666015625,LAHV
0.7236480712890625,LAHV
0.7190704345703125,LAHV
0.7720947265625,LAHV
0.7198333740234375,LAHV
0.719451904296875,LAHV
0.7167816162109375,LAHV
0.7602691650390625,LAHV
0.713348388671875,LAHV
0.7137298583984375,LAHV
0.7122039794921875,LAHV
0.73089599609375,LAHV
0.7434844970703125,LAHV
0.7106781005859375,LAHV
0.70953369140625,LAHV
0.7049560546875,LAHV
0.7061004638671875,LAHV
0.7007598876953125,LAHV
0.72174072265625,LAHV
0.7129669189453125,LAHV
0.7038116455078125,LAHV
0.7068634033203125,LAHV
0.713348388671875,LAHV
0.7472991943359375,LAHV
0.734710693359375,LAHV
0.7434844970703125,LAHV
0.7106781005859375,LAHV
0.701141357421875,LAHV
0.71563720703125,LAHV
0.70648193359375,LAHV
0.72174072265625,LAHV
0.6988525390625,LAHV
0.7053375244140625,LAHV
0.699615478515625,LAHV
0.7221221923828125,LAHV
0.69732666015625,LAHV
0.7476806640625,LAHV
0.7396697998046875,LAHV
0.74615478515625,LAHV
0.690460205078125,LAHV
0.707244873046875,LAHV
0.7564544677734375,LAHV
0.6969451904296875,LAHV
0.685882568359375,LAHV
0.72784423828125,LAHV
0.6877899169921875,LAHV
0.7099151611328125,LAHV
0.6877899169921875,LAHV
0.6908416748046875,LAHV
0.689697265625,LAHV
0.70648193359375,LAHV
0.6786346435546875,LAHV
0.685882568359375,LAHV
0.7404327392578125,LAHV
0.6855010986328125,LAHV
0.693511962890625,LAHV
0.7266998291015625,LAHV
0.679779052734375,LAHV
0.6847381591796875,LAHV
0.6805419921875,LAHV
0.7049560546875,LAHV
0.7358551025390625,LAHV
0.677490234375,LAHV
0.6847381591796875,LAHV
0.67901611328125,LAHV
0.7015228271484375,LAHV
0.6778717041015625,LAHV
0.675201416015625,LAHV
0.7659912109375,LAHV
0.688934326171875,LAHV
0.6900787353515625,LAHV
0.679779052734375,LAHV
0.6771087646484375,LAHV
0.7598876953125,LAHV
0.673675537109375,LAHV
0.67596435546875,LAHV
0.670623779296875,LAHV
0.7045745849609375,LAHV
0.6664276123046875,LAHV
0.6908416748046875,LAHV
0.7404327392578125,LAHV
0.6839752197265625,LAHV
0.6755828857421875,LAHV
0.6649017333984375,LAHV
0.6717681884765625,LAHV
0.673675537109375,LAHV
0.7122039794921875,LAHV
0.6732940673828125,LAHV
0.71258544921875,LAHV
0.676727294921875,LAHV
0.69122314453125,LAHV
0.6961822509765625,LAHV
0.710296630859375,LAHV
0.76904296875,LAHV
0.7472991943359375,LAHV
0.7232666015625,LAHV
0.707244873046875,LAHV
0.7343292236328125,LAHV
0.7297515869140625,LAHV
0.7747650146484375,LAHV
0.7671356201171875,LAHV
0.7678985595703125,LAHV
0.7732391357421875,LAHV
0.73394775390625,LAHV
0.7221221923828125,LAHV
0.7564544677734375,LAHV
0.7572174072265625,LAHV
0.724029541015625,LAHV
0.72174072265625,LAHV
0.76446533203125,LAHV
0.7099151611328125,LAHV
0.75836181640625,LAHV
0.7091522216796875,LAHV
0.7228851318359375,LAHV
0.707244873046875,LAHV
0.7823944091796875,LAHV
0.7297515869140625,LAHV
0.6977081298828125,LAHV
0.69732666015625,LAHV
0.6885528564453125,LAHV
0.7354736328125,LAHV
0.72174072265625,LAHV
0.7266998291015625,LAHV
0.6870269775390625,LAHV
0.6870269775390625,LAHV
0.6938934326171875,LAHV
0.693511962890625,LAHV
0.7232666015625,LAHV
0.730133056640625,LAHV
0.66375732421875,LAHV
0.6671905517578125,LAHV
0.66070556640625,LAHV
0.6877899169921875,LAHV
0.68206787109375,LAHV
0.6687164306640625,LAHV
0.7007598876953125,LAHV
0.737762451171875,LAHV
0.7122039794921875,LAHV
0.6649017333984375,LAHV
0.691986083984375,LAHV
0.6725311279296875,LAHV
0.68206787109375,LAHV
0.684356689453125,LAHV
0.673675537109375,LAHV
0.664520263671875,LAHV
0.6687164306640625,LAHV
0.6641387939453125,LAHV
0.6771087646484375,LAHV
0.6748199462890625,LAHV
0.6938934326171875,LAHV
0.68511962890625,LAHV
0.641632080078125,LAHV
0.6931304931640625,LAHV
0.6862640380859375,LAHV
0.6359100341796875,LAHV
0.66680908203125,LAHV
0.6378173828125,LAHV
0.627899169921875,LAHV
0.634002685546875,LAHV
0.624847412109375,LAHV
0.6771087646484375,LAHV
0.63323974609375,LAHV
0.6206512451171875,LAHV
0.6175994873046875,LAHV
0.61187744140625,LAHV
0.614166259765625,LAHV
0.6885528564453125,LAHV
0.60882568359375,LAHV
0.64697265625,LAHV
0.6099700927734375,LAHV
0.5992889404296875,LAHV
0.6092071533203125,LAHV
0.6008148193359375,LAHV
0.60272216796875,LAHV
0.5615234375,LAHV
0.5954742431640625,LAHV
0.5992889404296875,LAHV
0.59814453125,LAHV
0.5924224853515625,LAHV
0.591278076171875,LAHV
0.580596923828125,LAHV
0.5405426025390625,LAHV
0.5451202392578125,LAHV
0.5767822265625,LAHV
0.5603790283203125,LAHV
0.543212890625,LAHV
0.5542755126953125,LAHV
0.5405426025390625,LAHV
0.5420684814453125,LAHV
0.5458831787109375,LAHV
0.5474090576171875,LAHV
0.591278076171875,LAHV
0.5741119384765625,LAHV
0.543975830078125,LAHV
0.5359649658203125,LAHV
0.540924072265625,LAHV
0.5794525146484375,LAHV
0.5496978759765625,LAHV
0.5542755126953125,LAHV
0.5558013916015625,LAHV
0.5481719970703125,LAHV
0.553131103515625,LAHV
0.5588531494140625,LAHV
0.5565643310546875,LAHV
0.5893707275390625,LAHV
0.568389892578125,LAHV
0.57525634765625,LAHV
0.6137847900390625,LAHV
0.6015777587890625,LAHV
0.5725860595703125,LAHV
0.6168365478515625,LAHV
0.5779266357421875,LAHV
0.5764007568359375,LAHV
0.5901336669921875,LAHV
0.5767822265625,LAHV
0.618743896484375,LAHV
0.553131103515625,LAHV
0.5764007568359375,LAHV
0.5764007568359375,LAHV
0.63629150390625,LAHV
0.571441650390625,LAHV
0.617218017578125,LAHV
0.6122589111328125,LAHV
0.6038665771484375,LAHV
0.5626678466796875,LAHV
0.5748748779296875,LAHV
0.586700439453125,LAHV
0.5626678466796875,LAHV
0.5718231201171875,LAHV
0.5908966064453125,LAHV
0.5794525146484375,LAHV
0.59967041015625,LAHV
0.5947113037109375,LAHV
0.547027587890625,LAHV
0.542449951171875,LAHV
0.556182861328125,LAHV
0.5512237548828125,LAHV
0.534820556640625,LAHV
0.54168701171875,LAHV
0.53558349609375,LAHV
0.5435943603515625,LAHV
0.56304931640625,LAHV
0.54473876953125,LAHV
0.5512237548828125,LAHV
0.531768798828125,LAHV
0.57373046875,LAHV
0.54168701171875,LAHV
0.540924072265625,LAHV
0.52642822265625,LAHV
0.6771087646484375,LAHV
0.6763458251953125,LAHV
0.6744384765625,LAHV
0.7122039794921875,LAHV
0.7236480712890625,LAHV
0.7076263427734375,LAHV
0.7045745849609375,LAHV
0.6832122802734375,LAHV
0.7476806640625,LAHV
0.66986083984375,LAHV
0.66070556640625,LAHV
0.6641387939453125,LAHV
0.666046142578125,LAHV
0.6687164306640625,LAHV
0.6633758544921875,LAHV
0.6671905517578125,LAHV
0.6626129150390625,LAHV
0.675201416015625,LAHV
0.6938934326171875,LAHV
0.693511962890625,LAHV
0.6622314453125,LAHV
0.6591796875,LAHV
0.6622314453125,LAHV
0.682830810546875,LAHV
0.681304931640625,LAHV
0.67138671875,LAHV
0.6671905517578125,LAHV
0.669097900390625,LAHV
0.7171630859375,LAHV
0.7114410400390625,LAHV
0.6664276123046875,LAHV
0.664520263671875,LAHV
0.659942626953125,LAHV
0.664520263671875,LAHV
0.7080078125,LAHV
0.6633758544921875,LAHV
0.6587982177734375,LAHV
0.66375732421875,LAHV
0.70037841796875,LAHV
0.6641387939453125,LAHV
0.6557464599609375,LAHV
0.6572723388671875,LAHV
0.7152557373046875,LAHV
0.6603240966796875,LAHV
0.6580352783203125,LAHV
0.70343017578125,LAHV
0.6603240966796875,LAHV
0.656890869140625,LAHV
0.666046142578125,LAHV
0.6591796875,LAHV
0.733184814453125,LAHV
0.658416748046875,LAHV
0.6561279296875,LAHV
0.6511688232421875,LAHV
0.6580352783203125,LAHV
0.653839111328125,LAHV
0.65155029296875,LAHV
0.693511962890625,LAHV
0.656890869140625,LAHV
0.653839111328125,LAHV
0.64849853515625,LAHV
0.6496429443359375,LAHV
0.6542205810546875,LAHV
0.653839111328125,LAHV
0.65155029296875,LAHV
0.705718994140625,LAHV
0.6969451904296875,LAHV
0.67901611328125,LAHV
0.64849853515625,LAHV
0.6870269775390625,LAHV
0.6526947021484375,LAHV
0.6439208984375,LAHV
0.6855010986328125,LAHV
0.6488800048828125,LAHV
0.6500244140625,LAHV
0.6656646728515625,LAHV
0.6496429443359375,LAHV
0.6500244140625,LAHV
0.7114410400390625,LAHV
0.690460205078125,LAHV
0.6450653076171875,LAHV
0.64697265625,LAHV
0.653076171875,LAHV
0.71868896484375,LAHV
0.6923675537109375,LAHV
0.6420135498046875,LAHV
0.6439208984375,LAHV
0.6366729736328125,LAHV
0.6473541259765625,LAHV
0.6511688232421875,LAHV
0.69580078125,LAHV
0.68359375,LAHV
0.6488800048828125,LAHV
0.644683837890625,LAHV
0.6481170654296875,LAHV
0.6427764892578125,LAHV
0.6374359130859375,LAHV
0.640106201171875,LAHV
0.6931304931640625,LAHV
0.7396697998046875,LAHV
0.701904296875,LAHV
0.6603240966796875,LAHV
0.6450653076171875,LAHV
0.63629150390625,LAHV
0.6336212158203125,LAHV
0.6328582763671875,LAHV
0.6378173828125,LAHV
0.6420135498046875,LAHV
0.641632080078125,LAHV
0.6603240966796875,LAHV
0.6366729736328125,LAHV
0.682830810546875,LAHV
0.640106201171875,LAHV
0.6397247314453125,LAHV
0.63934326171875,LAHV
0.681304931640625,LAHV
0.6366729736328125,LAHV
0.6847381591796875,LAHV
0.6626129150390625,LAHV
0.6786346435546875,LAHV
0.6378173828125,LAHV
0.6397247314453125,LAHV
0.634002685546875,LAHV
0.6267547607421875,LAHV
0.67901611328125,LAHV
0.6824493408203125,LAHV
0.66986083984375,LAHV
0.6374359130859375,LAHV
0.6786346435546875,LAHV
0.6343841552734375,LAHV
0.6748199462890625,LAHV
0.6313323974609375,LAHV
0.7061004638671875,LAHV
0.6420135498046875,LAHV
0.63629150390625,LAHV
0.68206787109375,LAHV
0.6343841552734375,LAHV
0.6259918212890625,LAHV
0.63323974609375,LAHV
0.6336212158203125,LAHV
0.629425048828125,LAHV
0.628662109375,LAHV
0.627899169921875,LAHV
0.6267547607421875,LAHV
0.6725311279296875,LAHV
0.634002685546875,LAHV
0.66375732421875,LAHV
0.6282806396484375,LAHV
0.6237030029296875,LAHV
0.6298065185546875,LAHV
0.630950927734375,LAHV
0.6290435791015625,LAHV
0.6252288818359375,LAHV
0.6793975830078125,LAHV
0.6221771240234375,LAHV
0.6282806396484375,LAHV
0.6778717041015625,LAHV
0.6221771240234375,LAHV
0.6282806396484375,LAHV
0.6679534912109375,LAHV
0.65460205078125,LAHV
0.6290435791015625,LAHV
0.6237030029296875,LAHV
0.63629150390625,LAHV
0.6710052490234375,LAHV
0.6641387939453125,LAHV
0.624847412109375,LAHV
0.661468505859375,LAHV
0.6282806396484375,LAHV
0.618743896484375,LAHV
0.666046142578125,LAHV
0.6195068359375,LAHV
0.623321533203125,LAHV
0.61798095703125,LAHV
0.614166259765625,LAHV
0.6175994873046875,LAHV
0.618743896484375,LAHV
0.64239501953125,LAHV
0.6351470947265625,LAHV
0.6122589111328125,LAHV
0.6378173828125,LAHV
0.614166259765625,LAHV
0.61187744140625,LAHV
0.6114959716796875,LAHV
0.615692138671875,LAHV
0.6435394287109375,LAHV
0.6114959716796875,LAHV
0.6221771240234375,LAHV
0.6351470947265625,LAHV
0.608062744140625,LAHV
0.6084442138671875,LAHV
0.658416748046875,LAHV
0.6092071533203125,LAHV
0.61187744140625,LAHV
0.6237030029296875,LAHV
0.6137847900390625,LAHV
0.60882568359375,LAHV
0.6084442138671875,LAHV
0.604248046875,LAHV
0.6725311279296875,LAHV
0.6015777587890625,LAHV
0.6244659423828125,LAHV
0.6366729736328125,LAHV
0.6076812744140625,LAHV
0.6664276123046875,LAHV
0.6191253662109375,LAHV
0.6046295166015625,LAHV
0.6046295166015625,LAHV
0.6000518798828125,LAHV
0.603485107421875,LAHV
0.60272216796875,LAHV
0.6198883056640625,LAHV
0.6137847900390625,LAHV
0.6198883056640625,LAHV
0.605010986328125,LAHV
0.6031036376953125,LAHV
0.60272216796875,LAHV
0.6420135498046875,LAHV
0.6069183349609375,LAHV
0.6412506103515625,LAHV
0.6008148193359375,LAHV
0.5962371826171875,LAHV
0.6000518798828125,LAHV
0.6443023681640625,LAHV
0.632476806640625,LAHV
0.5992889404296875,LAHV
0.5962371826171875,LAHV
0.5992889404296875,LAHV
0.595855712890625,LAHV
0.6008148193359375,LAHV
0.6072998046875,LAHV
0.60272216796875,LAHV
0.597381591796875,LAHV
0.59814453125,LAHV
0.595855712890625,LAHV
0.6069183349609375,LAHV
0.5931854248046875,LAHV
0.585174560546875,LAHV
0.592041015625,LAHV
0.6343841552734375,LAHV
0.594329833984375,LAHV
0.5840301513671875,LAHV
0.582122802734375,LAHV
0.5855560302734375,LAHV
0.6298065185546875,LAHV
0.5870819091796875,LAHV
0.624847412109375,LAHV
0.585174560546875,LAHV
0.586700439453125,LAHV
0.577545166015625,LAHV
0.5794525146484375,LAHV
0.6275177001953125,LAHV
0.577545166015625,LAHV
0.5771636962890625,LAHV
0.566864013671875,LAHV
0.582122802734375,LAHV
0.621795654296875,LAHV
0.5718231201171875,LAHV
0.5764007568359375,LAHV
0.5771636962890625,LAHV
0.6145477294921875,LAHV
0.571441650390625,LAHV
0.567626953125,LAHV
0.656890869140625,LAHV
0.565338134765625,LAHV
0.57220458984375,LAHV
0.5626678466796875,LAHV
0.6107330322265625,LAHV
0.569915771484375,LAHV
0.555419921875,LAHV
0.5565643310546875,LAHV
0.5863189697265625,LAHV
0.5527496337890625,LAHV
0.55389404296875,LAHV
0.5519866943359375,LAHV
0.5634307861328125,LAHV
0.55084228515625,LAHV
0.592041015625,LAHV
0.53863525390625,LAHV
0.53863525390625,LAHV
0.539398193359375,LAHV
0.5970001220703125,LAHV
0.5512237548828125,LAHV
0.5619049072265625,LAHV
0.53253173828125,LAHV
0.52642822265625,LAHV
0.5748748779296875,LAHV
0.5443572998046875,LAHV
0.5237579345703125,LAHV
0.5725860595703125,LAHV
0.52032470703125,LAHV
0.58746337890625,LAHV
0.525665283203125,LAHV
0.56915283203125,LAHV
0.518035888671875,LAHV
0.521087646484375,LAHV
0.5126953125,LAHV
0.5115509033203125,LAHV
0.5130767822265625,LAHV
0.55999755859375,LAHV
0.50811767578125,LAHV
0.5039215087890625,LAHV
0.51422119140625,LAHV
0.505828857421875,LAHV
0.5046844482421875,LAHV
0.5035400390625,LAHV
0.5401611328125,LAHV
0.5023956298828125,LAHV
0.588226318359375,LAHV
0.5321502685546875,LAHV
0.5970001220703125,LAHV
0.5222320556640625,LAHV
0.52642822265625,LAHV
0.4978179931640625,LAHV
0.4970550537109375,LAHV
0.5268096923828125,LAHV
0.533294677734375,LAHV
0.49285888671875,LAHV
0.4947662353515625,LAHV
0.4955291748046875,LAHV
0.495147705078125,LAHV
0.49285888671875,LAHV
0.4932403564453125,LAHV
0.5359649658203125,LAHV
0.5489349365234375,LAHV
0.4913330078125,LAHV
0.5016326904296875,LAHV
0.49285888671875,LAHV
0.54931640625,LAHV
0.5077362060546875,LAHV
0.4932403564453125,LAHV
0.4852294921875,LAHV
0.4852294921875,LAHV
0.4863739013671875,LAHV
0.5329132080078125,LAHV
0.4852294921875,LAHV
0.4878997802734375,LAHV
0.48980712890625,LAHV
0.5115509033203125,LAHV
0.5405426025390625,LAHV
0.4878997802734375,LAHV
0.4962921142578125,LAHV
0.490570068359375,LAHV
0.4791259765625,LAHV
0.499725341796875,LAHV
0.484466552734375,LAHV
0.482177734375,LAHV
0.4978179931640625,LAHV
0.460052490234375,LAHV
0.5275726318359375,LAHV
0.534820556640625,LAHV
0.5245208740234375,LAHV
0.4795074462890625,LAHV
0.505828857421875,LAHV
0.4795074462890625,LAHV
0.482940673828125,LAHV
0.47607421875,LAHV
0.4764556884765625,LAHV
0.481414794921875,LAHV
0.5222320556640625,LAHV
0.5680084228515625,LAHV
0.4940032958984375,LAHV
0.4756927490234375,LAHV
0.4978179931640625,LAHV
0.519561767578125,LAHV
0.5176544189453125,LAHV
0.4749298095703125,LAHV
0.5191802978515625,LAHV
0.5466461181640625,LAHV
0.473785400390625,LAHV
0.5008697509765625,LAHV
0.47760009765625,LAHV
0.4730224609375,LAHV
0.4734039306640625,LAHV
0.518035888671875,LAHV
0.5214691162109375,LAHV
0.579833984375,LAHV
0.475311279296875,LAHV
0.4863739013671875,LAHV
0.47760009765625,LAHV
0.4756927490234375,LAHV
0.4764556884765625,LAHV
0.4894256591796875,LAHV
0.5390167236328125,LAHV
0.47149658203125,LAHV
0.4749298095703125,LAHV
0.5138397216796875,LAHV
0.469970703125,LAHV
0.4764556884765625,LAHV
0.4726409912109375,LAHV
0.4909515380859375,LAHV
0.5222320556640625,LAHV
0.4749298095703125,LAHV
0.475311279296875,LAHV
0.4695892333984375,LAHV
0.4673004150390625,LAHV
0.4703521728515625,LAHV
0.56304931640625,LAHV
0.4730224609375,LAHV
0.510406494140625,LAHV
0.4749298095703125,LAHV
0.469970703125,LAHV
0.47454833984375,LAHV
0.469207763671875,LAHV
0.4734039306640625,LAHV
0.469970703125,LAHV
0.518035888671875,LAHV
0.475311279296875,LAHV
0.46539306640625,LAHV
0.467681884765625,LAHV
0.4878997802734375,LAHV
0.4718780517578125,LAHV
0.5390167236328125,LAHV
0.472259521484375,LAHV
0.469207763671875,LAHV
0.46539306640625,LAHV
0.490570068359375,LAHV
0.4718780517578125,LAHV
0.4657745361328125,LAHV
0.4642486572265625,LAHV
0.4669189453125,LAHV
0.4657745361328125,LAHV
0.467681884765625,LAHV
0.51116943359375,LAHV
0.54779052734375,LAHV
0.5123138427734375,LAHV
0.4856109619140625,LAHV
0.4852294921875,LAHV
0.469970703125,LAHV
0.4619598388671875,LAHV
0.4848480224609375,LAHV
0.4638671875,LAHV
0.469207763671875,LAHV
0.4810333251953125,LAHV
0.4680633544921875,LAHV
0.4669189453125,LAHV
0.4638671875,LAHV
0.469970703125,LAHV
0.46234130859375,LAHV
0.4741668701171875,LAHV
0.4680633544921875,LAHV
0.4970550537109375,LAHV
0.4680633544921875,LAHV
0.467681884765625,LAHV
0.443267822265625,LAHV
0.4611968994140625,LAHV
0.5298614501953125,LAHV
0.4657745361328125,LAHV
0.51116943359375,LAHV
0.5462646484375,LAHV
0.4810333251953125,LAHV
0.4573822021484375,LAHV
0.510406494140625,LAHV
0.50201416015625,LAHV
0.464630126953125,LAHV
0.4634857177734375,LAHV
0.460052490234375,LAHV
0.496673583984375,LAHV
0.46539306640625,LAHV
0.460052490234375,LAHV
0.5168914794921875,LAHV
0.4608154296875,LAHV
0.4657745361328125,LAHV
0.4730224609375,LAHV
0.5046844482421875,LAHV
0.4573822021484375,LAHV
0.45928955078125,LAHV
0.51422119140625,LAHV
0.4604339599609375,LAHV
0.4619598388671875,LAHV
0.489044189453125,LAHV
0.487518310546875,LAHV
0.4543304443359375,LAHV
0.4619598388671875,LAHV
0.458526611328125,LAHV
0.4619598388671875,LAHV
0.4547119140625,LAHV
0.49285888671875,LAHV
0.461578369140625,LAHV
0.461578369140625,LAHV
0.4627227783203125,LAHV
0.457000732421875,LAHV
0.5039215087890625,LAHV
0.492095947265625,LAHV
0.50048828125,LAHV
0.45928955078125,LAHV
0.4974365234375,LAHV
0.46234130859375,LAHV
0.4611968994140625,LAHV
0.505828857421875,LAHV
0.4581451416015625,LAHV
0.4695892333984375,LAHV
0.4581451416015625,LAHV
0.4589080810546875,LAHV
0.50048828125,LAHV
0.4589080810546875,LAHV
0.461578369140625,LAHV
0.4840850830078125,LAHV
0.502777099609375,LAHV
0.4535675048828125,LAHV
0.452423095703125,LAHV
0.452423095703125,LAHV
0.4528045654296875,LAHV
0.4528045654296875,LAHV
0.4566192626953125,LAHV
0.45928955078125,LAHV
0.49285888671875,LAHV
0.4528045654296875,LAHV
0.4535675048828125,LAHV
0.4894256591796875,LAHV
0.4512786865234375,LAHV
0.45318603515625,LAHV
0.5001068115234375,LAHV
0.499725341796875,LAHV
0.4528045654296875,LAHV
0.4535675048828125,LAHV
0.450897216796875,LAHV
0.5039215087890625,LAHV
0.46234130859375,LAHV
0.50506591796875,LAHV
0.450897216796875,LAHV
0.4756927490234375,LAHV
0.501251220703125,LAHV
0.4589080810546875,LAHV
0.504302978515625,LAHV
0.4970550537109375,LAHV
0.45318603515625,LAHV
0.5260467529296875,LAHV
0.49896240234375,LAHV
0.45013427734375,LAHV
0.4871368408203125,LAHV
0.4619598388671875,LAHV
0.455474853515625,LAHV
0.457000732421875,LAHV
0.4543304443359375,LAHV
0.4638671875,LAHV
0.4520416259765625,LAHV
0.4489898681640625,LAHV
0.4459381103515625,LAHV
0.5260467529296875,LAHV
0.4955291748046875,LAHV
0.453948974609375,LAHV
0.4528045654296875,LAHV
0.489044189453125,LAHV
0.4711151123046875,LAHV
0.4566192626953125,LAHV
0.4901885986328125,LAHV
0.4604339599609375,LAHV
0.4566192626953125,LAHV
0.4993438720703125,LAHV
0.4852294921875,LAHV
0.5016326904296875,LAHV
0.5222320556640625,LAHV
0.45623779296875,LAHV
0.458526611328125,LAHV
